week_id,item_id,supplier_id,demand_actual_units,forecast_naive_units,forecast_ml_units,po_qty_units,received_qty_units,otif_target_pct,otif_actual_pct,on_time_flag,in_full_flag,otif_flag,shortage_units,lead_time_actual_days,lead_time_std_days,forecast_mape_naive,forecast_mape_ml,forecast_bias_pct,safety_stock_units,po_number,po_line_nbr,mabd_date,delivery_window,arrival_date,arrival_time,dc_appt_date,days_vs_mabd,carrier_scac,carrier_name,freight_type,dc_number,case_cost,po_qty_cases,received_qty_cases,cases_over,po_edit_reason_code,walmart_fault_flag,eleven_eleven_flag,is_otif_compliant,is_fine_eligible,otif_fine_dollars
1,1001,201,9089,9450,9219,10452,10452,96.0,98.0,1,1,1,520,5,5,3.97,1.43,1.43,202,1538548000,1,2025-02-05,02/02/2025 - 02/05/2025,2025-02-02,12:41:09.000,2025-01-31,-3,HJBT,J B HUNT TRANSPORT INC,PREPAID,6092,38.66,2613,2613,0,,0,0,1,0,0.0
1,1002,201,6242,6300,6319,7176,7176,96.0,90.2,0,1,0,552,5,5,0.93,1.23,1.23,135,1538548000,2,2025-02-03,01/31/2025 - 02/03/2025,2025-02-07,16:52:29.000,2025-02-05,4,HJBT,J B HUNT TRANSPORT INC,PREPAID,6039,31.23,1196,1196,0,,0,0,0,1,1120.53
1,1006,202,9221,9000,8966,10608,9960,94.0,93.6,1,0,0,1044,6,7,2.4,2.77,-2.77,270,1538548001,1,2025-02-07,02/04/2025 - 02/07/2025,2025-02-04,12:30:17.000,2025-02-01,-3,WM,PRIVATE FLEET ADMIN,COLLECT,6035,132.95,884,830,0,,0,0,0,1,3525.83
1,1007,202,6507,6750,6332,7480,7480,94.0,88.1,1,1,1,480,8,7,3.73,2.69,-2.69,202,1538548001,2,2025-02-07,02/04/2025 - 02/07/2025,2025-02-06,09:01:13.000,2025-02-05,-1,WENP,WERNER ENTERPRISES INC,PREPAID,6038,40.91,935,935,0,49-System Issue,1,1,0,0,0.0
1,1003,203,4482,4275,4516,5154,5154,94.0,88.8,1,1,1,426,5,6,4.62,0.76,0.76,110,1538548002,1,2025-02-04,02/01/2025 - 02/04/2025,2025-02-03,18:28:11.000,2025-02-02,-1,HJBT,J B HUNT TRANSPORT INC,PREPAID,6025,37.69,859,859,0,,0,0,1,0,0.0
1,1004,203,3434,3325,3563,3948,3948,94.0,90.7,1,1,1,342,8,6,3.17,3.76,3.76,86,1538548002,2,2025-02-04,02/01/2025 - 02/04/2025,2025-02-04,12:01:31.000,2025-02-02,0,WENP,WERNER ENTERPRISES INC,PREPAID,6025,34.59,658,658,0,,0,0,1,0,0.0
1,1005,203,2279,2375,2331,2622,2622,94.0,91.5,1,1,1,252,6,6,4.21,2.28,2.28,61,1538548002,3,2025-02-06,02/03/2025 - 02/06/2025,2025-02-06,18:45:26.000,2025-02-05,0,WENP,WERNER ENTERPRISES INC,PREPAID,7036,26.1,437,437,0,,0,0,1,0,0.0
1,1008,204,5471,5500,5359,6290,6290,90.0,85.5,1,1,1,580,12,10,0.53,2.05,-2.05,236,1538548003,1,2025-02-09,02/06/2025 - 02/09/2025,2025-02-08,06:40:16.000,2025-02-05,-1,CRCR,CRETE CARRIER CORPORATION,PREPAID,7035,71.31,629,629,0,,0,0,1,0,0.0
1,1009,204,4348,4250,4226,5000,5000,90.0,88.7,1,1,1,528,10,10,2.25,2.81,-2.81,182,1538548003,2,2025-02-10,02/07/2025 - 02/10/2025,2025-02-08,13:30:33.000,2025-02-05,-2,SCDS,SCHNEIDER NATIONAL CARRIERS INC,PREPAID,6068,34.19,625,625,0,,0,0,1,0,0.0
1,1010,205,4733,4845,4572,5440,4040,92.0,87.6,1,0,0,610,10,8,2.37,3.4,-3.4,166,1538548004,1,2025-02-08,02/05/2025 - 02/08/2025,2025-02-05,17:23:44.000,2025-02-03,-3,SWFT,SWIFT TRANSPORTATION CO OF ARIZONA LLC,PREPAID,6070,67.1,544,404,0,,0,0,0,1,1095.07
2,1001,201,9283,9000,9032,10676,10676,96.0,91.3,1,1,1,848,7,5,3.05,2.7,-2.7,193,1538548005,1,2025-02-12,02/09/2025 - 02/12/2025,2025-02-11,08:47:05.000,2025-02-08,-1,SWFT,SWIFT TRANSPORTATION CO OF ARIZONA LLC,PREPAID,6039,38.63,2669,2669,0,,0,0,1,0,0.0
2,1002,201,5822,6000,5699,6696,5784,96.0,94.3,1,0,0,144,7,5,3.06,2.11,-2.11,129,1538548005,2,2025-02-12,02/09/2025 - 02/12/2025,2025-02-12,08:29:06.000,2025-02-09,0,HJBT,J B HUNT TRANSPORT INC,PREPAID,6080,31.05,1116,964,0,,0,0,0,1,1039.55
2,1006,202,9023,8800,9081,10380,10380,94.0,90.8,1,1,1,456,8,7,2.47,0.64,0.64,264,1538548006,1,2025-02-12,02/09/2025 - 02/12/2025,2025-02-12,15:40:31.000,2025-02-10,0,WM,PRIVATE FLEET ADMIN,COLLECT,6048,129.39,865,865,0,,0,0,1,0,0.0
2,1007,202,6288,6600,6111,7232,5424,94.0,91.0,1,0,0,424,6,7,4.96,2.81,-2.81,198,1538548006,2,2025-02-14,02/11/2025 - 02/14/2025,2025-02-14,07:27:59.000,2025-02-11,0,WM,PRIVATE FLEET ADMIN,COLLECT,6023,39.07,904,678,0,,0,0,0,1,1059.58
2,1003,203,4564,4365,4562,5250,4440,94.0,90.9,1,0,0,366,5,6,4.36,0.04,-0.04,112,1538548007,1,2025-02-12,02/09/2025 - 02/12/2025,2025-02-12,19:36:28.000,2025-02-09,0,SWFT,SWIFT TRANSPORTATION CO OF ARIZONA LLC,PREPAID,7026,37.89,875,740,0,,0,0,0,1,994.61
2,1004,203,3544,3395,3566,4074,2916,94.0,88.7,1,0,0,228,8,6,4.2,0.62,0.62,87,1538548007,2,2025-02-11,02/08/2025 - 02/11/2025,2025-02-08,11:03:19.000,2025-02-05,-3,WENP,WERNER ENTERPRISES INC,PREPAID,7026,34.22,679,486,0,,0,0,0,1,697.06
2,1005,203,2332,2425,2296,2682,1656,94.0,95.1,1,0,0,192,8,6,3.99,1.54,-1.54,62,1538548007,3,2025-02-12,02/09/2025 - 02/12/2025,2025-02-10,09:49:03.000,2025-02-09,-2,WENP,WERNER ENTERPRISES INC,PREPAID,7035,25.1,447,276,0,,0,0,0,1,336.59
2,1008,204,5351,5390,5456,6150,6150,90.0,89.5,1,1,1,820,11,10,0.73,1.96,1.96,231,1538548008,1,2025-02-16,02/13/2025 - 02/16/2025,2025-02-15,16:16:11.000,2025-02-13,-1,SCDS,SCHNEIDER NATIONAL CARRIERS INC,PREPAID,6068,69.88,615,615,0,,0,0,1,0,0.0
2,1009,204,4133,4165,4257,4752,4752,90.0,85.0,1,1,1,544,9,10,0.77,3.0,3.0,178,1538548008,2,2025-02-16,02/13/2025 - 02/16/2025,2025-02-13,11:16:09.000,2025-02-11,-3,SCDS,SCHNEIDER NATIONAL CARRIERS INC,PREPAID,6068,35.62,594,594,0,,0,0,1,0,0.0
2,1010,205,4539,4750,4510,5220,5220,92.0,90.0,1,1,1,570,9,8,4.65,0.64,-0.64,163,1538548009,1,2025-02-14,02/11/2025 - 02/14/2025,2025-02-13,11:00:21.000,2025-02-11,-1,SWFT,SWIFT TRANSPORTATION CO OF ARIZONA LLC,PREPAID,6094,65.96,522,522,0,,0,0,1,0,0.0
3,1001,201,9249,8820,9210,10636,10636,96.0,90.3,1,1,1,372,5,5,4.64,0.42,-0.42,189,1538548010,1,2025-02-17,02/14/2025 - 02/17/2025,2025-02-14,15:55:58.000,2025-02-13,-3,SCDS,SCHNEIDER NATIONAL CARRIERS INC,PREPAID,7045,37.12,2659,2659,0,53-Transportation Issue - COLLECT,1,0,0,0,0.0
3,1002,201,6164,5880,6247,7086,6534,96.0,90.9,1,0,0,552,4,5,4.61,1.35,1.35,126,1538548010,2,2025-02-17,02/14/2025 - 02/17/2025,2025-02-17,07:49:13.000,2025-02-16,0,HJBT,J B HUNT TRANSPORT INC,PREPAID,6039,29.55,1181,1089,0,,0,0,0,1,1046.96
3,1006,202,8774,8700,8756,10092,10092,94.0,92.3,1,1,1,780,8,7,0.84,0.21,-0.21,261,1538548011,1,2025-02-20,02/17/2025 - 02/20/2025,2025-02-18,18:11:35.000,2025-02-16,-2,WENP,WERNER ENTERPRISES INC,PREPAID,6023,130.34,841,841,0,47-Incorrect Labeling(Supplier),0,0,1,0,0.0
3,1007,202,6200,6525,6283,7128,7128,94.0,93.8,1,1,1,304,8,7,5.24,1.34,1.34,196,1538548011,2,2025-02-20,02/17/2025 - 02/20/2025,2025-02-20,16:34:51.000,2025-02-19,0,WM,PRIVATE FLEET ADMIN,COLLECT,6039,39.05,891,891,0,,0,0,1,0,0.0
3,1003,203,4310,4500,4412,4956,4956,94.0,93.6,1,1,1,486,7,6,4.41,2.37,2.37,116,1538548012,1,2025-02-18,02/15/2025 - 02/18/2025,2025-02-15,18:11:06.000,2025-02-13,-3,WENP,WERNER ENTERPRISES INC,PREPAID,6025,40.2,826,826,0,,0,0,1,0,0.0
3,1004,203,3482,3500,3356,4002,4002,94.0,94.1,1,1,1,288,6,6,0.52,3.62,-3.62,90,1538548012,2,2025-02-18,02/15/2025 - 02/18/2025,2025-02-17,18:10:32.000,2025-02-16,-1,WENP,WERNER ENTERPRISES INC,PREPAID,6025,34.47,667,667,0,,0,0,1,0,0.0
3,1005,203,2590,2500,2525,2976,2976,94.0,92.9,1,1,1,216,5,6,3.47,2.51,-2.51,64,1538548012,3,2025-02-18,02/15/2025 - 02/18/2025,2025-02-16,11:46:14.000,2025-02-13,-2,WENP,WERNER ENTERPRISES INC,PREPAID,7026,25.79,496,496,0,59-DC/FC Capacity Related(On Time Impact),1,0,0,0,0.0
3,1008,204,5565,5335,5350,6400,4300,90.0,87.5,1,0,0,670,9,10,4.13,3.86,-3.86,229,1538548013,1,2025-02-24,02/21/2025 - 02/24/2025,2025-02-21,08:10:57.000,2025-02-18,-3,SCDS,SCHNEIDER NATIONAL CARRIERS INC,PREPAID,7035,71.74,640,430,0,,0,0,0,1,1377.41
3,1009,204,4206,4122,4074,4840,4840,90.0,86.2,0,1,0,536,10,10,2.0,3.14,-3.14,177,1538548013,2,2025-02-24,02/21/2025 - 02/24/2025,2025-02-27,12:25:33.000,2025-02-25,3,SCDS,SCHNEIDER NATIONAL CARRIERS INC,PREPAID,6030,33.6,605,605,0,,0,0,0,1,609.84
3,1010,205,4597,4655,4714,5290,5290,92.0,86.9,1,1,1,330,10,8,1.26,2.55,2.55,160,1538548014,1,2025-02-22,02/19/2025 - 02/22/2025,2025-02-20,19:33:28.000,2025-02-19,-2,SWFT,SWIFT TRANSPORTATION CO OF ARIZONA LLC,PREPAID,6094,65.65,529,529,0,,0,0,1,0,0.0
4,1001,201,8849,8550,9052,10176,8632,96.0,91.0,0,0,0,428,4,5,3.38,2.29,2.29,183,1538548015,1,2025-02-25,02/22/2025 - 02/25/2025,2025-03-01,09:16:34.000,2025-02-28,4,JBR,J B HUNT TRANSPORT INC,PREPAID,6092,38.22,2544,2158,0,,0,0,0,1,2916.95
4,1002,201,5810,5700,5678,6684,5784,96.0,97.4,1,0,0,138,5,5,1.89,2.27,-2.27,122,1538548015,2,2025-02-26,02/23/2025 - 02/26/2025,2025-02-24,18:40:38.000,2025-02-21,-2,HJBT,J B HUNT TRANSPORT INC,PREPAID,6039,30.69,1114,964,0,,0,0,0,1,1025.66
4,1006,202,8368,8800,8510,9624,9624,94.0,88.8,1,1,1,936,8,7,5.16,1.7,1.7,264,1538548016,1,2025-02-27,02/24/2025 - 02/27/2025,2025-02-27,12:28:28.000,2025-02-24,0,WENP,WERNER ENTERPRISES INC,PREPAID,6080,126.99,802,802,0,,0,0,1,0,0.0
4,1007,202,6365,6600,6321,7320,7320,94.0,88.4,1,1,1,624,9,7,3.69,0.69,-0.69,198,1538548016,2,2025-02-27,02/24/2025 - 02/27/2025,2025-02-27,16:51:31.000,2025-02-26,0,PRIJ,PRIME INC,PREPAID,6023,40.65,915,915,0,47-Incorrect Labeling(Supplier),0,0,1,0,0.0
4,1003,203,4559,4590,4588,5244,3792,94.0,90.0,1,0,0,372,6,6,0.68,0.64,0.64,118,1538548017,1,2025-02-27,02/24/2025 - 02/27/2025,2025-02-27,07:46:13.000,2025-02-26,0,WENP,WERNER ENTERPRISES INC,PREPAID,6025,39.21,874,632,0,,0,0,0,1,1028.09
4,1004,203,3691,3570,3789,4242,4242,94.0,90.0,1,1,1,336,5,6,3.28,2.66,2.66,92,1538548017,2,2025-02-26,02/23/2025 - 02/26/2025,2025-02-24,09:21:10.000,2025-02-23,-2,WENP,WERNER ENTERPRISES INC,PREPAID,6080,35.55,707,707,0,,0,0,1,0,0.0
4,1005,203,2539,2550,2470,2922,2922,94.0,94.2,1,1,1,132,6,6,0.43,2.72,-2.72,66,1538548017,3,2025-02-27,02/24/2025 - 02/27/2025,2025-02-25,16:02:16.000,2025-02-24,-2,WENP,WERNER ENTERPRISES INC,PREPAID,7026,25.75,487,487,0,,0,0,1,0,0.0
4,1008,204,5108,5280,4961,5870,5870,90.0,89.8,1,1,1,770,12,10,3.37,2.88,-2.88,226,1538548018,1,2025-03-03,02/28/2025 - 03/03/2025,2025-03-02,19:43:55.000,2025-03-01,-1,SCDS,SCHNEIDER NATIONAL CARRIERS INC,PREPAID,6025,71.64,587,587,0,,0,0,1,0,0.0
4,1009,204,4219,4080,4268,4848,3840,90.0,91.8,0,0,0,448,12,10,3.29,1.16,1.16,175,1538548018,2,2025-03-01,02/26/2025 - 03/01/2025,2025-03-03,17:28:20.000,2025-03-02,2,SCDS,SCHNEIDER NATIONAL CARRIERS INC,PREPAID,6018,34.91,606,480,0,,0,0,0,1,634.66
4,1010,205,4759,4608,4644,5470,3520,92.0,92.9,1,0,0,390,10,8,3.17,2.42,-2.42,158,1538548019,1,2025-03-01,02/26/2025 - 03/01/2025,2025-02-27,10:58:19.000,2025-02-25,-2,BYLR,BAYLOR TRUCKING INC,PREPAID,7033,65.63,547,352,0,59-DC/FC Capacity Related(On Time Impact),1,0,0,0,0.0
5,1001,201,8398,8370,8605,9656,9656,96.0,92.1,1,1,1,724,6,5,0.33,2.46,2.46,179,1538548020,1,2025-03-03,02/28/2025 - 03/03/2025,2025-03-01,11:18:56.000,2025-02-28,-2,HJBT,J B HUNT TRANSPORT INC,PREPAID,7045,37.53,2414,2414,0,,0,0,1,0,0.0
5,1002,201,5345,5580,5200,6144,6144,96.0,93.3,1,1,1,156,5,5,4.4,2.71,-2.71,120,1538548020,2,2025-03-05,03/02/2025 - 03/05/2025,2025-03-02,10:02:58.000,2025-02-27,-3,HJBT,J B HUNT TRANSPORT INC,PREPAID,6092,30.2,1024,1024,0,,0,0,1,0,0.0
5,1006,202,8725,9000,8756,10032,10032,94.0,93.5,1,1,1,960,9,7,3.15,0.36,0.36,270,1538548021,1,2025-03-07,03/04/2025 - 03/07/2025,2025-03-06,06:57:59.000,2025-03-04,-1,HJBT,J B HUNT TRANSPORT INC,PREPAID,6023,130.19,836,836,0,,0,0,1,0,0.0
5,1007,202,7044,6750,6954,8104,8104,94.0,95.4,1,1,1,688,6,7,4.17,1.28,-1.28,202,1538548021,2,2025-03-05,03/02/2025 - 03/05/2025,2025-03-05,11:14:33.000,2025-03-04,0,WM,PRIVATE FLEET ADMIN,COLLECT,7045,41.43,1013,1013,0,,0,0,1,0,0.0
5,1003,203,4777,4725,4964,5496,5496,94.0,92.8,1,1,1,384,6,6,1.09,3.91,3.91,122,1538548022,1,2025-03-04,03/01/2025 - 03/04/2025,2025-03-03,18:34:48.000,2025-02-28,-1,HJBT,J B HUNT TRANSPORT INC,PREPAID,6025,38.92,916,916,0,,0,0,1,0,0.0
5,1004,203,3614,3675,3645,4158,4158,94.0,88.5,1,1,1,402,8,6,1.69,0.86,0.86,94,1538548022,2,2025-03-06,03/03/2025 - 03/06/2025,2025-03-05,14:23:11.000,2025-03-03,-1,WENP,WERNER ENTERPRISES INC,PREPAID,6025,35.72,693,693,0,59-DC/FC Capacity Related(On Time Impact),1,0,0,0,0.0
5,1005,203,2521,2625,2447,2898,2898,94.0,93.2,1,1,1,258,8,6,4.13,2.94,-2.94,68,1538548022,3,2025-03-05,03/02/2025 - 03/05/2025,2025-03-03,07:14:43.000,2025-02-28,-2,WENP,WERNER ENTERPRISES INC,PREPAID,6070,25.98,483,483,0,53-Transportation Issue - COLLECT,1,0,0,0,0.0
5,1008,204,5132,5335,5116,5900,5900,90.0,89.9,1,1,1,720,9,10,3.96,0.31,-0.31,229,1538548023,1,2025-03-08,03/05/2025 - 03/08/2025,2025-03-08,16:07:59.000,2025-03-07,0,SCDS,SCHNEIDER NATIONAL CARRIERS INC,PREPAID,7035,74.52,590,590,0,,0,0,1,0,0.0
5,1009,204,4129,4122,4253,4752,4752,90.0,86.5,1,1,1,552,10,10,0.17,3.0,3.0,177,1538548023,2,2025-03-09,03/06/2025 - 03/09/2025,2025-03-08,19:24:16.000,2025-03-07,-1,SCDS,SCHNEIDER NATIONAL CARRIERS INC,PREPAID,7035,35.42,594,594,0,53-Transportation Issue - COLLECT,1,0,0,0,0.0
5,1010,205,4811,4655,4989,5530,5530,92.0,87.4,0,1,0,650,7,8,3.24,3.7,3.7,160,1538548024,1,2025-03-07,03/04/2025 - 03/07/2025,2025-03-12,18:52:07.000,2025-03-11,5,WENP,WERNER ENTERPRISES INC,PREPAID,6012,64.42,553,553,0,,0,0,0,1,1068.73
6,1001,201,7907,8280,8219,9092,9092,96.0,97.0,1,1,1,612,4,5,4.72,3.95,3.95,177,1538548025,1,2025-03-11,03/08/2025 - 03/11/2025,2025-03-08,16:45:49.000,2025-03-07,-3,HJBT,J B HUNT TRANSPORT INC,PREPAID,6039,38.56,2273,2273,0,,0,0,1,0,0.0
6,1002,201,5731,5520,5507,6588,6588,96.0,93.8,1,1,1,492,7,5,3.68,3.91,-3.91,118,1538548025,2,2025-03-10,03/07/2025 - 03/10/2025,2025-03-08,09:06:02.000,2025-03-06,-2,SWFT,SWIFT TRANSPORTATION CO OF ARIZONA LLC,PREPAID,6018,29.5,1098,1098,0,,0,0,1,0,0.0
6,1006,202,9401,9200,9395,10812,7536,94.0,90.1,0,0,0,516,7,7,2.14,0.06,-0.06,276,1538548026,1,2025-03-13,03/10/2025 - 03/13/2025,2025-03-17,18:43:52.000,2025-03-15,4,WM,PRIVATE FLEET ADMIN,COLLECT,6023,134.06,901,628,0,,0,0,0,1,3623.64
6,1007,202,7146,6900,7412,8216,8216,94.0,89.7,1,1,1,520,8,7,3.44,3.72,3.72,207,1538548026,2,2025-03-12,03/09/2025 - 03/12/2025,2025-03-09,13:59:57.000,2025-03-06,-3,WM,PRIVATE FLEET ADMIN,COLLECT,6035,40.79,1027,1027,0,,0,0,1,0,0.0
6,1003,203,5088,4860,4885,5850,5850,94.0,89.2,1,1,1,492,6,6,4.48,3.99,-3.99,125,1538548027,1,2025-03-12,03/09/2025 - 03/12/2025,2025-03-12,08:19:45.000,2025-03-11,0,WENP,WERNER ENTERPRISES INC,PREPAID,6025,37.82,975,975,0,,0,0,1,0,0.0
6,1004,203,3709,3780,3657,4266,3822,94.0,94.7,1,0,0,312,5,6,1.91,1.4,-1.4,97,1538548027,2,2025-03-13,03/10/2025 - 03/13/2025,2025-03-11,14:29:13.000,2025-03-08,-2,WENP,WERNER ENTERPRISES INC,PREPAID,6070,35.01,711,637,0,,0,0,0,1,746.76
6,1005,203,2726,2700,2823,3132,2652,94.0,93.1,1,0,0,258,8,6,0.95,3.56,3.56,69,1538548027,3,2025-03-13,03/10/2025 - 03/13/2025,2025-03-12,12:16:43.000,2025-03-10,-1,SWFT,SWIFT TRANSPORTATION CO OF ARIZONA LLC,PREPAID,6070,26.82,522,442,0,,0,0,0,1,420.0
6,1008,204,5249,5390,5378,6040,6040,90.0,86.7,1,1,1,770,12,10,2.69,2.46,2.46,231,1538548028,1,2025-03-15,03/12/2025 - 03/15/2025,2025-03-14,09:35:08.000,2025-03-13,-1,SCDS,SCHNEIDER NATIONAL CARRIERS INC,PREPAID,7035,70.14,604,604,0,,0,0,1,0,0.0
6,1009,204,4168,4165,4204,4792,3768,90.0,89.1,1,0,0,456,12,10,0.07,0.86,0.86,178,1538548028,2,2025-03-17,03/14/2025 - 03/17/2025,2025-03-17,11:47:56.000,2025-03-16,0,SCDS,SCHNEIDER NATIONAL CARRIERS INC,PREPAID,7035,34.76,599,471,0,,0,1,0,0,0.0
6,1010,205,4569,4750,4745,5250,5250,92.0,88.8,1,1,1,390,8,8,3.96,3.85,3.85,163,1538548029,1,2025-03-15,03/12/2025 - 03/15/2025,2025-03-14,17:21:53.000,2025-03-12,-1,SWFT,SWIFT TRANSPORTATION CO OF ARIZONA LLC,PREPAID,6070,66.14,525,525,0,,0,0,1,0,0.0
7,1001,201,8635,8460,8291,9932,9932,96.0,92.0,1,1,1,780,5,5,2.03,3.98,-3.98,181,1538548030,1,2025-03-18,03/15/2025 - 03/18/2025,2025-03-15,10:52:01.000,2025-03-13,-3,HJBT,J B HUNT TRANSPORT INC,PREPAID,7045,38.42,2483,2483,0,59-DC/FC Capacity Related(On Time Impact),1,0,0,0,0.0
7,1002,201,5806,5640,6003,6678,6678,96.0,95.9,1,1,1,354,7,5,2.86,3.39,3.39,121,1538548030,2,2025-03-17,03/14/2025 - 03/17/2025,2025-03-15,13:07:10.000,2025-03-13,-2,HJBT,J B HUNT TRANSPORT INC,PREPAID,7045,30.14,1113,1113,0,,0,0,1,0,0.0
7,1006,202,9358,9500,9393,10764,8460,94.0,91.6,1,0,0,612,8,7,1.52,0.37,0.37,285,1538548031,1,2025-03-20,03/17/2025 - 03/20/2025,2025-03-20,18:16:07.000,2025-03-18,0,WM,PRIVATE FLEET ADMIN,COLLECT,6048,127.58,897,705,0,43-No Product Availability(Supplier),0,0,0,1,3433.18
7,1007,202,6890,7125,6823,7920,5680,94.0,91.9,1,0,0,744,9,7,3.41,0.97,-0.97,214,1538548031,2,2025-03-20,03/17/2025 - 03/20/2025,2025-03-17,10:17:29.000,2025-03-15,-3,JBR,J B HUNT TRANSPORT INC,PREPAID,7036,39.15,990,710,0,,0,0,0,1,1162.75
7,1003,203,4816,4950,4778,5538,5538,94.0,89.0,0,1,0,282,8,6,2.78,0.79,-0.79,127,1538548032,1,2025-03-19,03/16/2025 - 03/19/2025,2025-03-23,07:45:46.000,2025-03-22,4,WENP,WERNER ENTERPRISES INC,PREPAID,7038,39.23,923,923,0,,0,0,0,1,1086.28
7,1004,203,3708,3850,3799,4266,4266,94.0,94.5,1,1,1,246,8,6,3.83,2.45,2.45,99,1538548032,2,2025-03-19,03/16/2025 - 03/19/2025,2025-03-16,11:31:10.000,2025-03-14,-3,WENP,WERNER ENTERPRISES INC,PREPAID,6070,34.56,711,711,0,,0,0,1,0,0.0
7,1005,203,2679,2750,2715,3078,3078,94.0,90.8,1,1,1,276,6,6,2.65,1.34,1.34,71,1538548032,3,2025-03-19,03/16/2025 - 03/19/2025,2025-03-19,18:24:32.000,2025-03-18,0,WENP,WERNER ENTERPRISES INC,PREPAID,6030,26.77,513,513,0,,0,0,1,0,0.0
7,1008,204,5717,5500,5531,6570,5240,90.0,87.1,0,0,0,600,11,10,3.8,3.25,-3.25,236,1538548033,1,2025-03-23,03/20/2025 - 03/23/2025,2025-03-27,17:37:40.000,2025-03-26,4,SCDS,SCHNEIDER NATIONAL CARRIERS INC,PREPAID,6068,70.09,657,524,0,,0,0,0,1,1381.47
7,1009,204,4108,4250,4196,4728,4728,90.0,90.4,0,1,0,544,10,10,3.46,2.14,2.14,182,1538548033,2,2025-03-23,03/20/2025 - 03/23/2025,2025-03-28,13:10:21.000,2025-03-26,5,PRIJ,PRIME INC,PREPAID,7035,35.07,591,591,0,,0,0,0,1,621.79
7,1010,205,4620,4845,4604,5310,3630,92.0,88.7,1,0,0,380,10,8,4.87,0.35,-0.35,166,1538548034,1,2025-03-20,03/17/2025 - 03/20/2025,2025-03-20,08:23:40.000,2025-03-18,0,SWFT,SWIFT TRANSPORTATION CO OF ARIZONA LLC,PREPAID,6012,62.9,531,363,0,53-Transportation Issue - COLLECT,1,0,0,0,0.0
8,1001,201,8545,8640,8506,9828,7048,96.0,90.6,1,0,0,312,4,5,1.11,0.46,-0.46,185,1538548035,1,2025-03-26,03/23/2025 - 03/26/2025,2025-03-26,06:11:56.000,2025-03-25,0,HJBT,J B HUNT TRANSPORT INC,PREPAID,6092,36.76,2457,1762,0,,0,0,0,1,2709.58
8,1002,201,6031,5760,5997,6936,6936,96.0,97.8,0,1,0,234,7,5,4.49,0.56,-0.56,123,1538548035,2,2025-03-25,03/22/2025 - 03/25/2025,2025-03-30,19:31:14.000,2025-03-28,5,HJBT,J B HUNT TRANSPORT INC,PREPAID,7033,30.22,1156,1156,0,,0,0,0,1,1048.03
8,1006,202,9811,9800,10189,11280,11280,94.0,89.0,1,1,1,552,7,7,0.11,3.85,3.85,294,1538548036,1,2025-03-27,03/24/2025 - 03/27/2025,2025-03-25,11:21:27.000,2025-03-23,-2,WM,PRIVATE FLEET ADMIN,COLLECT,6048,129.83,940,940,0,,0,0,1,0,0.0
8,1007,202,7184,7350,7078,8264,8264,94.0,90.5,0,1,0,736,8,7,2.31,1.48,-1.48,220,1538548036,2,2025-03-27,03/24/2025 - 03/27/2025,2025-03-29,09:32:09.000,2025-03-27,2,WM,PRIVATE FLEET ADMIN,COLLECT,6048,40.94,1033,1033,0,,0,0,0,1,1268.73
8,1003,203,4951,5040,4916,5694,5694,94.0,91.0,1,1,1,528,7,6,1.8,0.71,-0.71,130,1538548037,1,2025-03-26,03/23/2025 - 03/26/2025,2025-03-26,13:31:49.000,2025-03-23,0,JBR,J B HUNT TRANSPORT INC,PREPAID,6018,40.12,949,949,0,53-Transportation Issue - COLLECT,1,0,0,0,0.0
8,1004,203,4099,3920,4163,4716,4716,94.0,89.4,1,1,1,396,8,6,4.37,1.56,1.56,101,1538548037,2,2025-03-26,03/23/2025 - 03/26/2025,2025-03-24,17:32:01.000,2025-03-23,-2,SWFT,SWIFT TRANSPORTATION CO OF ARIZONA LLC,PREPAID,7026,35.0,786,786,0,,0,0,1,0,0.0
8,1005,203,2865,2800,2957,3294,2856,94.0,89.5,0,0,0,294,8,6,2.27,3.21,3.21,72,1538548037,3,2025-03-26,03/23/2025 - 03/26/2025,2025-03-29,06:32:40.000,2025-03-26,3,JBR,J B HUNT TRANSPORT INC,PREPAID,6070,26.78,549,476,0,,0,0,0,1,441.07
8,1008,204,5418,5610,5620,6230,6230,90.0,87.1,0,1,0,500,11,10,3.54,3.73,3.73,240,1538548038,1,2025-03-31,03/28/2025 - 03/31/2025,2025-04-01,18:29:32.000,2025-03-30,1,SCDS,SCHNEIDER NATIONAL CARRIERS INC,PREPAID,6068,74.18,623,623,0,,0,0,0,1,1386.42
8,1009,204,4235,4335,4215,4872,3096,90.0,86.8,0,0,0,584,12,10,2.36,0.47,-0.47,186,1538548038,2,2025-03-31,03/28/2025 - 03/31/2025,2025-04-02,18:51:25.000,2025-03-30,2,SCDS,SCHNEIDER NATIONAL CARRIERS INC,PREPAID,6068,34.83,609,387,0,,0,0,0,1,636.34
8,1010,205,4897,4988,4737,5630,5630,92.0,89.1,0,1,0,520,10,8,1.86,3.27,-3.27,171,1538548039,1,2025-03-28,03/25/2025 - 03/28/2025,2025-04-01,11:38:01.000,2025-03-30,4,SWFT,SWIFT TRANSPORTATION CO OF ARIZONA LLC,PREPAID,7033,66.53,563,563,0,,0,0,0,1,1123.69
9,1001,201,9138,8820,9340,10508,8216,96.0,93.6,1,0,0,812,7,5,3.48,2.21,2.21,189,1538548040,1,2025-04-02,03/30/2025 - 04/02/2025,2025-04-02,11:38:25.000,2025-03-30,0,HJBT,J B HUNT TRANSPORT INC,PREPAID,6039,37.98,2627,2054,0,,0,0,0,1,2993.2
9,1002,201,5704,5880,5492,6558,6558,96.0,90.7,1,1,1,186,5,5,3.09,3.72,-3.72,126,1538548040,2,2025-03-31,03/28/2025 - 03/31/2025,2025-03-28,19:57:49.000,2025-03-26,-3,BYLR,BAYLOR TRUCKING INC,PREPAID,7045,29.44,1093,1093,0,,0,0,1,0,0.0
9,1006,202,10165,10000,10037,11688,11688,94.0,95.9,1,1,1,1092,9,7,1.62,1.26,-1.26,300,1538548041,1,2025-04-03,03/31/2025 - 04/03/2025,2025-03-31,07:41:54.000,2025-03-28,-3,WM,PRIVATE FLEET ADMIN,COLLECT,6048,132.4,974,974,0,,0,0,1,0,0.0
9,1007,202,7157,7500,7052,8232,5016,94.0,91.1,1,0,0,624,7,7,4.79,1.47,-1.47,225,1538548041,2,2025-04-02,03/30/2025 - 04/02/2025,2025-04-01,17:48:39.000,2025-03-29,-1,SWFT,SWIFT TRANSPORTATION CO OF ARIZONA LLC,PREPAID,6035,39.3,1029,627,0,,0,0,0,1,1213.19
9,1003,203,5009,4950,5155,5760,5760,94.0,91.3,1,1,1,552,6,6,1.18,2.91,2.91,127,1538548042,1,2025-04-01,03/29/2025 - 04/01/2025,2025-04-01,16:02:58.000,2025-03-29,0,CTII,CENTRAL TRANSPORT,PREPAID,6025,39.27,960,960,0,,0,0,1,0,0.0
9,1004,203,3870,3850,3928,4452,4452,94.0,88.9,0,1,0,420,8,6,0.52,1.5,1.5,99,1538548042,2,2025-04-02,03/30/2025 - 04/02/2025,2025-04-05,11:08:05.000,2025-04-04,3,WENP,WERNER ENTERPRISES INC,PREPAID,7026,35.15,742,742,0,,0,0,0,1,782.44
9,1005,203,2767,2750,2735,3180,3180,94.0,88.7,1,1,1,180,8,6,0.61,1.16,-1.16,71,1538548042,3,2025-04-03,03/31/2025 - 04/03/2025,2025-04-03,14:38:30.000,2025-03-31,0,WENP,WERNER ENTERPRISES INC,PREPAID,6025,25.19,530,530,0,,0,0,1,0,0.0
9,1008,204,5970,5775,6084,6870,6870,90.0,90.3,1,1,1,910,12,10,3.27,1.91,1.91,248,1538548043,1,2025-04-05,04/02/2025 - 04/05/2025,2025-04-05,14:49:11.000,2025-04-04,0,PRIJ,PRIME INC,PREPAID,6068,70.94,687,687,0,53-Transportation Issue - COLLECT,1,0,0,0,0.0
9,1009,204,4562,4462,4515,5248,5248,90.0,86.9,1,1,1,584,9,10,2.19,1.03,-1.03,191,1538548043,2,2025-04-06,04/03/2025 - 04/06/2025,2025-04-03,13:07:49.000,2025-04-01,-3,SCDS,SCHNEIDER NATIONAL CARRIERS INC,PREPAID,6068,35.62,656,656,0,,0,0,1,0,0.0
9,1010,205,5344,5130,5322,6150,4750,92.0,91.5,1,0,0,570,9,8,4.0,0.41,-0.41,176,1538548044,1,2025-04-03,03/31/2025 - 04/03/2025,2025-04-03,17:19:46.000,2025-03-31,0,CRCR,CRETE CARRIER CORPORATION,PREPAID,7033,65.55,615,475,0,,0,0,0,1,1209.4
10,1001,201,8828,9000,9049,10152,9488,96.0,95.9,1,0,0,796,7,5,1.95,2.5,2.5,193,1538548045,1,2025-04-07,04/04/2025 - 04/07/2025,2025-04-07,16:06:10.000,2025-04-05,0,HJBT,J B HUNT TRANSPORT INC,PREPAID,6092,36.95,2538,2372,0,,0,0,0,1,2813.37
10,1002,201,5710,6000,5696,6564,4902,96.0,94.3,1,0,0,348,7,5,5.08,0.25,-0.25,129,1538548045,2,2025-04-07,04/04/2025 - 04/07/2025,2025-04-05,09:15:03.000,2025-04-03,-2,HJBT,J B HUNT TRANSPORT INC,PREPAID,7036,30.72,1094,817,0,,0,0,0,1,1008.23
10,1006,202,10501,10200,10901,12072,12072,94.0,88.7,1,1,1,984,6,7,2.87,3.81,3.81,306,1538548046,1,2025-04-09,04/06/2025 - 04/09/2025,2025-04-07,11:57:21.000,2025-04-04,-2,WM,PRIVATE FLEET ADMIN,COLLECT,6023,131.11,1006,1006,0,,0,0,1,0,0.0
10,1007,202,7746,7650,7765,8904,7352,94.0,91.2,0,0,0,784,7,7,1.24,0.25,0.25,230,1538548046,2,2025-04-11,04/08/2025 - 04/11/2025,2025-04-13,15:02:40.000,2025-04-12,2,HJBT,J B HUNT TRANSPORT INC,PREPAID,6069,40.43,1113,919,0,51-Item Setup Issue(Supplier),0,0,0,1,1349.96
10,1003,203,4766,4860,4782,5478,5478,94.0,92.0,0,1,0,444,7,6,1.97,0.34,0.34,125,1538548047,1,2025-04-08,04/05/2025 - 04/08/2025,2025-04-10,17:41:13.000,2025-04-07,2,WENP,WERNER ENTERPRISES INC,PREPAID,6025,40.3,913,913,0,,0,0,0,1,1103.82
10,1004,203,3643,3780,3714,4188,4188,94.0,92.2,1,1,1,348,6,6,3.76,1.95,1.95,97,1538548047,2,2025-04-08,04/05/2025 - 04/08/2025,2025-04-08,16:17:53.000,2025-04-06,0,SCDS,SCHNEIDER NATIONAL CARRIERS INC,PREPAID,7033,35.11,698,698,0,,0,0,1,0,0.0
10,1005,203,2769,2700,2854,3186,3186,94.0,88.5,1,1,1,210,6,6,2.49,3.07,3.07,69,1538548047,3,2025-04-08,04/05/2025 - 04/08/2025,2025-04-08,17:22:11.000,2025-04-06,0,WENP,WERNER ENTERPRISES INC,PREPAID,6025,25.75,531,531,0,,0,0,1,0,0.0
10,1008,204,6029,5940,5923,6930,6930,90.0,85.8,1,1,1,880,11,10,1.48,1.76,-1.76,255,1538548048,1,2025-04-14,04/11/2025 - 04/14/2025,2025-04-13,18:24:44.000,2025-04-10,-1,BYLR,BAYLOR TRUCKING INC,PREPAID,7033,73.78,693,693,0,,0,0,1,0,0.0
10,1009,204,4529,4590,4522,5208,5208,90.0,90.1,0,1,0,632,11,10,1.35,0.15,-0.15,197,1538548048,2,2025-04-12,04/09/2025 - 04/12/2025,2025-04-13,08:57:18.000,2025-04-12,1,WM,PRIVATE FLEET ADMIN,COLLECT,6030,35.54,651,651,0,47-Incorrect Labeling(Supplier),0,0,0,1,694.1
10,1010,205,5079,5225,5103,5840,5840,92.0,90.7,1,1,1,440,7,8,2.87,0.47,0.47,179,1538548049,1,2025-04-10,04/07/2025 - 04/10/2025,2025-04-09,12:45:35.000,2025-04-08,-1,SWFT,SWIFT TRANSPORTATION CO OF ARIZONA LLC,PREPAID,6012,63.35,584,584,0,,0,0,1,0,0.0
11,1001,201,9304,9180,9469,10700,10700,96.0,91.2,1,1,1,724,4,5,1.33,1.77,1.77,197,1538548050,1,2025-04-16,04/13/2025 - 04/16/2025,2025-04-15,18:07:28.000,2025-04-13,-1,HJBT,J B HUNT TRANSPORT INC,PREPAID,7045,36.84,2675,2675,0,,0,0,1,0,0.0
11,1002,201,6018,6120,6034,6918,6918,96.0,93.0,1,1,1,258,6,5,1.69,0.27,0.27,131,1538548050,2,2025-04-16,04/13/2025 - 04/16/2025,2025-04-16,12:52:54.000,2025-04-14,0,CRCR,CRETE CARRIER CORPORATION,PREPAID,6023,29.73,1153,1153,0,,0,0,1,0,0.0
11,1006,202,10928,10500,11329,12564,12564,94.0,91.0,1,1,1,1128,8,7,3.92,3.67,3.67,315,1538548051,1,2025-04-18,04/15/2025 - 04/18/2025,2025-04-17,08:43:17.000,2025-04-16,-1,WM,PRIVATE FLEET ADMIN,COLLECT,6035,131.96,1047,1047,0,,0,0,1,0,0.0
11,1007,202,7714,7875,7946,8872,8872,94.0,88.6,1,1,1,568,8,7,2.09,3.01,3.01,236,1538548051,2,2025-04-16,04/13/2025 - 04/16/2025,2025-04-14,11:17:18.000,2025-04-11,-2,SCDS,SCHNEIDER NATIONAL CARRIERS INC,PREPAID,6048,40.71,1109,1109,0,,0,0,1,0,0.0
11,1003,203,4721,4725,4756,5430,5430,94.0,90.1,1,1,1,462,7,6,0.08,0.74,0.74,122,1538548052,1,2025-04-17,04/14/2025 - 04/17/2025,2025-04-14,11:36:31.000,2025-04-12,-3,WENP,WERNER ENTERPRISES INC,PREPAID,7026,39.34,905,905,0,,0,0,1,0,0.0
11,1004,203,3702,3675,3727,4260,4260,94.0,95.9,1,1,1,384,6,6,0.73,0.68,0.68,94,1538548052,2,2025-04-17,04/14/2025 - 04/17/2025,2025-04-14,13:40:58.000,2025-04-13,-3,SWFT,SWIFT TRANSPORTATION CO OF ARIZONA LLC,PREPAID,7026,35.72,710,710,0,,0,1,0,0,0.0
11,1005,203,2672,2625,2580,3072,3072,94.0,92.6,1,1,1,288,6,6,1.76,3.44,-3.44,68,1538548052,3,2025-04-15,04/12/2025 - 04/15/2025,2025-04-13,08:27:09.000,2025-04-11,-2,WM,PRIVATE FLEET ADMIN,COLLECT,7026,26.46,512,512,0,59-DC/FC Capacity Related(On Time Impact),1,0,0,0,0.0
11,1008,204,6320,6050,6549,7270,6290,90.0,86.0,1,0,0,920,12,10,4.27,3.62,3.62,259,1538548053,1,2025-04-21,04/18/2025 - 04/21/2025,2025-04-19,08:34:28.000,2025-04-16,-2,WENP,WERNER ENTERPRISES INC,PREPAID,7035,70.43,727,629,0,,0,0,0,1,1536.08
11,1009,204,4605,4675,4646,5296,4256,90.0,86.4,1,0,0,592,11,10,1.52,0.89,0.89,200,1538548053,2,2025-04-19,04/16/2025 - 04/19/2025,2025-04-19,11:14:32.000,2025-04-18,0,SCDS,SCHNEIDER NATIONAL CARRIERS INC,PREPAID,6043,34.26,662,532,0,43-No Product Availability(Supplier),0,0,0,1,680.4
11,1010,205,5376,5320,5382,6180,3830,92.0,86.7,1,0,0,430,8,8,1.04,0.11,0.11,182,1538548054,1,2025-04-18,04/15/2025 - 04/18/2025,2025-04-17,12:11:48.000,2025-04-15,-1,SWFT,SWIFT TRANSPORTATION CO OF ARIZONA LLC,PREPAID,6038,64.74,618,383,0,,0,1,0,0,0.0
12,1001,201,9193,9450,8991,10572,10572,96.0,95.0,1,1,1,580,7,5,2.8,2.2,-2.2,202,1538548055,1,2025-04-23,04/20/2025 - 04/23/2025,2025-04-23,19:20:30.000,2025-04-20,0,HJBT,J B HUNT TRANSPORT INC,PREPAID,7036,37.34,2643,2643,0,,0,0,1,0,0.0
12,1002,201,6496,6300,6416,7470,7470,96.0,91.5,1,1,1,552,5,5,3.02,1.23,-1.23,135,1538548055,2,2025-04-22,04/19/2025 - 04/22/2025,2025-04-22,15:23:19.000,2025-04-20,0,HJBT,J B HUNT TRANSPORT INC,PREPAID,7045,30.67,1245,1245,0,,0,0,1,0,0.0
12,1006,202,10365,10800,10197,11916,7692,94.0,90.4,1,0,0,504,9,7,4.2,1.62,-1.62,324,1538548056,1,2025-04-23,04/20/2025 - 04/23/2025,2025-04-21,10:03:27.000,2025-04-18,-2,WM,PRIVATE FLEET ADMIN,COLLECT,6054,133.76,993,641,0,,0,0,0,1,3984.71
12,1007,202,7823,8100,7557,9000,9000,94.0,93.3,1,1,1,808,8,7,3.54,3.4,-3.4,243,1538548056,2,2025-04-25,04/22/2025 - 04/25/2025,2025-04-22,17:19:59.000,2025-04-19,-3,WM,PRIVATE FLEET ADMIN,COLLECT,6039,39.89,1125,1125,0,,0,0,1,0,0.0
12,1003,203,4561,4590,4743,5244,4824,94.0,93.4,1,0,0,456,7,6,0.64,3.99,3.99,118,1538548057,1,2025-04-22,04/19/2025 - 04/22/2025,2025-04-22,13:49:48.000,2025-04-21,0,WENP,WERNER ENTERPRISES INC,PREPAID,6070,39.16,874,804,0,,0,0,0,1,1026.78
12,1004,203,3399,3570,3272,3906,2346,94.0,93.0,1,0,0,306,6,6,5.03,3.74,-3.74,92,1538548057,2,2025-04-23,04/20/2025 - 04/23/2025,2025-04-22,08:31:40.000,2025-04-19,-1,WENP,WERNER ENTERPRISES INC,PREPAID,6070,35.36,651,391,0,,0,0,0,1,690.58
12,1005,203,2550,2550,2566,2934,2934,94.0,89.8,1,1,1,240,6,6,0.0,0.63,0.63,66,1538548057,3,2025-04-22,04/19/2025 - 04/22/2025,2025-04-19,09:57:52.000,2025-04-17,-3,WENP,WERNER ENTERPRISES INC,PREPAID,6025,25.82,489,489,0,,0,0,1,0,0.0
12,1008,204,5931,6160,5837,6820,6820,90.0,89.6,1,1,1,670,10,10,3.86,1.58,-1.58,264,1538548058,1,2025-04-28,04/25/2025 - 04/28/2025,2025-04-27,07:35:01.000,2025-04-24,-1,BYLR,BAYLOR TRUCKING INC,PREPAID,7036,70.63,682,682,0,,0,0,1,0,0.0
12,1009,204,4578,4760,4753,5264,5264,90.0,90.0,1,1,1,432,9,10,3.98,3.82,3.82,204,1538548058,2,2025-04-28,04/25/2025 - 04/28/2025,2025-04-27,07:35:05.000,2025-04-24,-1,SCDS,SCHNEIDER NATIONAL CARRIERS INC,PREPAID,6030,34.57,658,658,0,,0,0,1,0,0.0
12,1010,205,5254,5225,5325,6040,6040,92.0,88.6,1,1,1,670,9,8,0.55,1.35,1.35,179,1538548059,1,2025-04-25,04/22/2025 - 04/25/2025,2025-04-24,12:41:50.000,2025-04-23,-1,SWFT,SWIFT TRANSPORTATION CO OF ARIZONA LLC,PREPAID,6094,63.04,604,604,0,,0,0,1,0,0.0
13,1001,201,9249,9720,8950,10636,10636,96.0,94.9,1,1,1,392,5,5,5.09,3.23,-3.23,208,1538548060,1,2025-04-28,04/25/2025 - 04/28/2025,2025-04-27,08:57:53.000,2025-04-24,-1,WENP,WERNER ENTERPRISES INC,PREPAID,6039,38.76,2659,2659,0,,0,0,1,0,0.0
13,1002,201,6666,6480,6738,7668,5442,96.0,90.4,0,0,0,420,6,5,2.79,1.08,1.08,139,1538548060,2,2025-04-30,04/27/2025 - 04/30/2025,2025-05-03,18:11:02.000,2025-04-30,3,WM,PRIVATE FLEET ADMIN,COLLECT,6054,29.43,1278,907,0,,0,0,0,1,1128.35
13,1006,202,11030,11000,10906,12684,10416,94.0,92.3,1,0,0,912,9,7,0.27,1.12,-1.12,330,1538548061,1,2025-05-01,04/28/2025 - 05/01/2025,2025-04-28,18:17:39.000,2025-04-26,-3,WM,PRIVATE FLEET ADMIN,COLLECT,7045,129.69,1057,868,0,53-Transportation Issue - COLLECT,1,0,0,0,0.0
13,1007,202,8647,8250,8310,9944,9944,94.0,91.0,1,1,1,456,8,7,4.59,3.9,-3.9,248,1538548061,2,2025-05-02,04/29/2025 - 05/02/2025,2025-04-30,10:14:32.000,2025-04-29,-2,WM,PRIVATE FLEET ADMIN,COLLECT,6023,40.51,1243,1243,0,51-Item Setup Issue(Supplier),0,0,1,0,0.0
13,1003,203,4302,4500,4263,4950,3324,94.0,92.0,1,0,0,426,7,6,4.6,0.91,-0.91,116,1538548062,1,2025-05-01,04/28/2025 - 05/01/2025,2025-05-01,08:25:07.000,2025-04-30,0,WM,PRIVATE FLEET ADMIN,COLLECT,6025,40.33,825,554,0,,0,1,0,0,0.0
13,1004,203,3405,3500,3452,3918,3918,94.0,94.2,1,1,1,360,7,6,2.79,1.38,1.38,90,1538548062,2,2025-04-29,04/26/2025 - 04/29/2025,2025-04-27,09:47:29.000,2025-04-26,-2,WENP,WERNER ENTERPRISES INC,PREPAID,6070,33.87,653,653,0,47-Incorrect Labeling(Supplier),0,0,1,0,0.0
13,1005,203,2515,2500,2462,2892,1842,94.0,93.5,1,0,0,174,7,6,0.6,2.11,-2.11,64,1538548062,3,2025-05-01,04/28/2025 - 05/01/2025,2025-04-30,12:41:43.000,2025-04-27,-1,WENP,WERNER ENTERPRISES INC,PREPAID,7026,25.28,482,307,0,,0,0,0,1,365.55
13,1008,204,6059,6050,6131,6970,4610,90.0,86.0,1,0,0,810,9,10,0.15,1.19,1.19,259,1538548063,1,2025-05-03,04/30/2025 - 05/03/2025,2025-05-02,19:13:01.000,2025-05-01,-1,SCDS,SCHNEIDER NATIONAL CARRIERS INC,PREPAID,6030,69.83,697,461,0,,0,0,0,1,1460.15
13,1009,204,4749,4675,4757,5464,4040,90.0,88.9,1,0,0,544,11,10,1.56,0.17,0.17,200,1538548063,2,2025-05-05,05/02/2025 - 05/05/2025,2025-05-04,12:36:04.000,2025-05-01,-1,SCDS,SCHNEIDER NATIONAL CARRIERS INC,PREPAID,6068,33.8,683,505,0,49-System Issue,1,0,0,0,0.0
13,1010,205,5115,5130,5091,5880,5880,92.0,91.7,1,1,1,480,9,8,0.29,0.47,-0.47,176,1538548064,1,2025-05-02,04/29/2025 - 05/02/2025,2025-04-30,11:44:40.000,2025-04-27,-2,SWFT,SWIFT TRANSPORTATION CO OF ARIZONA LLC,PREPAID,6012,63.72,588,588,0,,0,0,1,0,0.0
14,1001,201,9567,9900,9495,11004,11004,96.0,90.7,1,1,1,412,4,5,3.48,0.75,-0.75,212,1538548065,1,2025-05-07,05/04/2025 - 05/07/2025,2025-05-05,19:53:59.000,2025-05-03,-2,HJBT,J B HUNT TRANSPORT INC,PREPAID,7045,37.95,2751,2751,0,,0,0,1,0,0.0
14,1002,201,6689,6600,6421,7692,6720,96.0,91.9,1,0,0,516,6,5,1.33,4.01,-4.01,141,1538548065,2,2025-05-05,05/02/2025 - 05/05/2025,2025-05-05,18:46:13.000,2025-05-03,0,PRIJ,PRIME INC,PREPAID,6092,29.73,1282,1120,0,,0,0,0,1,1143.42
14,1006,202,10730,11200,10768,12336,9420,94.0,94.6,1,0,0,564,8,7,4.38,0.35,0.35,336,1538548066,1,2025-05-07,05/04/2025 - 05/07/2025,2025-05-04,13:38:24.000,2025-05-02,-3,CRCR,CRETE CARRIER CORPORATION,PREPAID,6094,125.93,1028,785,0,49-System Issue,1,0,0,0,0.0
14,1007,202,8362,8400,8215,9616,7968,94.0,95.3,1,0,0,640,7,7,0.45,1.76,-1.76,252,1538548066,2,2025-05-08,05/05/2025 - 05/08/2025,2025-05-07,09:01:38.000,2025-05-05,-1,WM,PRIVATE FLEET ADMIN,COLLECT,6035,41.34,1202,996,0,,0,0,0,1,1490.72
14,1003,203,4376,4410,4219,5034,3858,94.0,89.6,1,0,0,258,5,6,0.78,3.59,-3.59,113,1538548067,1,2025-05-08,05/05/2025 - 05/08/2025,2025-05-06,11:16:58.000,2025-05-04,-2,HJBT,J B HUNT TRANSPORT INC,PREPAID,6030,38.66,839,643,0,,0,0,0,1,973.07
14,1004,203,3503,3430,3493,4026,4026,94.0,90.8,1,1,1,222,7,6,2.08,0.29,-0.29,88,1538548067,2,2025-05-08,05/05/2025 - 05/08/2025,2025-05-08,14:56:27.000,2025-05-05,0,CTII,CENTRAL TRANSPORT,PREPAID,6070,34.32,671,671,0,,0,0,1,0,0.0
14,1005,203,2463,2450,2393,2832,2082,94.0,95.2,1,0,0,162,8,6,0.53,2.84,-2.84,63,1538548067,3,2025-05-07,05/04/2025 - 05/07/2025,2025-05-04,07:34:36.000,2025-05-01,-3,WENP,WERNER ENTERPRISES INC,PREPAID,6025,25.62,472,347,0,,0,0,0,1,362.78
14,1008,204,6156,5940,6060,7080,5670,90.0,90.5,1,0,0,580,9,10,3.51,1.56,-1.56,255,1538548068,1,2025-05-12,05/09/2025 - 05/12/2025,2025-05-12,10:00:39.000,2025-05-11,0,SCDS,SCHNEIDER NATIONAL CARRIERS INC,PREPAID,6068,74.65,708,567,0,,0,0,0,1,1585.57
14,1009,204,4807,4590,4765,5528,5528,90.0,90.0,1,1,1,616,12,10,4.51,0.87,-0.87,197,1538548068,2,2025-05-12,05/09/2025 - 05/12/2025,2025-05-09,17:55:35.000,2025-05-06,-3,JBR,J B HUNT TRANSPORT INC,PREPAID,7035,33.84,691,691,0,,0,0,1,0,0.0
14,1010,205,5068,4988,5190,5830,5830,92.0,89.3,1,1,1,610,10,8,1.58,2.41,2.41,171,1538548069,1,2025-05-08,05/05/2025 - 05/08/2025,2025-05-07,18:22:46.000,2025-05-04,-1,SWFT,SWIFT TRANSPORTATION CO OF ARIZONA LLC,PREPAID,6094,66.82,583,583,0,,0,0,1,0,0.0
15,1001,201,10568,10080,10756,12152,12152,96.0,95.9,1,1,1,500,4,5,4.62,1.78,1.78,216,1538548070,1,2025-05-14,05/11/2025 - 05/14/2025,2025-05-14,16:09:02.000,2025-05-12,0,WENP,WERNER ENTERPRISES INC,PREPAID,6092,38.33,3038,3038,0,,0,0,1,0,0.0
15,1002,201,6976,6720,7228,8022,8022,96.0,93.8,1,1,1,390,4,5,3.67,3.61,3.61,144,1538548070,2,2025-05-14,05/11/2025 - 05/14/2025,2025-05-12,11:13:15.000,2025-05-09,-2,HJBT,J B HUNT TRANSPORT INC,PREPAID,6039,29.43,1337,1337,0,,0,0,1,0,0.0
15,1006,202,10988,11500,11223,12636,8124,94.0,89.9,1,0,0,984,9,7,4.66,2.14,2.14,345,1538548071,1,2025-05-15,05/12/2025 - 05/15/2025,2025-05-13,15:28:09.000,2025-05-11,-2,BYLR,BAYLOR TRUCKING INC,PREPAID,6048,134.61,1053,677,0,,0,0,0,1,4252.33
15,1007,202,8880,8625,8725,10208,9120,94.0,89.5,1,0,0,1024,6,7,2.87,1.75,-1.75,259,1538548071,2,2025-05-15,05/12/2025 - 05/15/2025,2025-05-13,17:29:40.000,2025-05-12,-2,WM,PRIVATE FLEET ADMIN,COLLECT,6048,39.79,1276,1140,0,,0,0,0,1,1523.16
15,1003,203,4554,4365,4716,5238,5238,94.0,94.0,1,1,1,366,6,6,4.15,3.56,3.56,112,1538548072,1,2025-05-13,05/10/2025 - 05/13/2025,2025-05-11,06:04:19.000,2025-05-10,-2,WENP,WERNER ENTERPRISES INC,PREPAID,6048,37.94,873,873,0,,0,0,1,0,0.0
15,1004,203,3279,3395,3161,3768,3528,94.0,91.5,1,0,0,168,7,6,3.54,3.6,-3.6,87,1538548072,2,2025-05-15,05/12/2025 - 05/15/2025,2025-05-12,13:42:11.000,2025-05-09,-3,WENP,WERNER ENTERPRISES INC,PREPAID,7034,35.46,628,588,0,,0,0,0,1,668.07
15,1005,203,2446,2425,2350,2814,2436,94.0,92.7,1,0,0,126,6,6,0.86,3.92,-3.92,62,1538548072,3,2025-05-15,05/12/2025 - 05/15/2025,2025-05-12,06:56:53.000,2025-05-11,-3,WENP,WERNER ENTERPRISES INC,PREPAID,7035,26.34,469,406,0,,0,0,0,1,370.6
15,1008,204,5906,5775,6126,6790,5470,90.0,91.5,1,0,0,850,12,10,2.22,3.73,3.73,248,1538548073,1,2025-05-19,05/16/2025 - 05/19/2025,2025-05-19,09:27:56.000,2025-05-16,0,SCDS,SCHNEIDER NATIONAL CARRIERS INC,PREPAID,6030,72.87,679,547,0,,0,0,0,1,1484.36
15,1009,204,4337,4462,4211,4984,4984,90.0,87.7,0,1,0,592,11,10,2.88,2.91,-2.91,191,1538548073,2,2025-05-17,05/14/2025 - 05/17/2025,2025-05-20,16:36:46.000,2025-05-19,3,SCDS,SCHNEIDER NATIONAL CARRIERS INC,PREPAID,6012,33.8,623,623,0,,0,0,0,1,631.72
15,1010,205,4816,4892,4849,5540,4480,92.0,93.7,1,0,0,510,10,8,1.58,0.69,0.69,168,1538548074,1,2025-05-15,05/12/2025 - 05/15/2025,2025-05-12,10:11:36.000,2025-05-10,-3,SWFT,SWIFT TRANSPORTATION CO OF ARIZONA LLC,PREPAID,7036,64.94,554,448,0,,0,0,0,1,1079.3
16,1001,201,10230,9900,10606,11764,11764,96.0,93.2,1,1,1,752,4,5,3.23,3.68,3.68,212,1538548075,1,2025-05-20,05/17/2025 - 05/20/2025,2025-05-19,06:48:55.000,2025-05-17,-1,HJBT,J B HUNT TRANSPORT INC,PREPAID,7045,38.34,2941,2941,0,,0,0,1,0,0.0
16,1002,201,6781,6600,6925,7800,7800,96.0,92.7,1,1,1,540,7,5,2.67,2.12,2.12,141,1538548075,2,2025-05-19,05/16/2025 - 05/19/2025,2025-05-19,17:55:27.000,2025-05-17,0,JBR,J B HUNT TRANSPORT INC,PREPAID,6048,29.91,1300,1300,0,53-Transportation Issue - COLLECT,1,0,0,0,0.0
16,1006,202,11340,11800,10942,13044,8184,94.0,95.9,1,0,0,948,9,7,4.06,3.51,-3.51,354,1538548076,1,2025-05-23,05/20/2025 - 05/23/2025,2025-05-20,11:43:58.000,2025-05-18,-3,WM,PRIVATE FLEET ADMIN,COLLECT,6048,128.55,1087,682,0,,0,0,0,1,4192.02
16,1007,202,8918,8850,8852,10256,7288,94.0,89.6,1,0,0,512,8,7,0.76,0.74,-0.74,266,1538548076,2,2025-05-23,05/20/2025 - 05/23/2025,2025-05-22,18:19:49.000,2025-05-19,-1,CRCR,CRETE CARRIER CORPORATION,PREPAID,6025,39.04,1282,911,0,43-No Product Availability(Supplier),0,0,0,1,1501.48
16,1003,203,4390,4410,4530,5046,5046,94.0,93.8,1,1,1,492,5,6,0.46,3.19,3.19,113,1538548077,1,2025-05-20,05/17/2025 - 05/20/2025,2025-05-20,19:01:08.000,2025-05-19,0,PRIJ,PRIME INC,PREPAID,6030,38.14,841,841,0,,0,0,1,0,0.0
16,1004,203,3467,3430,3577,3990,3990,94.0,92.1,1,1,1,372,5,6,1.07,3.17,3.17,88,1538548077,2,2025-05-22,05/19/2025 - 05/22/2025,2025-05-19,10:19:25.000,2025-05-16,-3,WM,PRIVATE FLEET ADMIN,COLLECT,6070,35.57,665,665,0,43-No Product Availability(Supplier),0,0,1,0,0.0
16,1005,203,2389,2450,2382,2748,2748,94.0,88.9,1,1,1,162,6,6,2.55,0.29,-0.29,63,1538548077,3,2025-05-22,05/19/2025 - 05/22/2025,2025-05-21,18:00:54.000,2025-05-19,-1,WENP,WERNER ENTERPRISES INC,PREPAID,6025,25.87,458,458,0,,0,0,1,0,0.0
16,1008,204,5507,5610,5414,6330,5740,90.0,87.0,1,0,0,650,11,10,1.87,1.69,-1.69,240,1538548078,1,2025-05-24,05/21/2025 - 05/24/2025,2025-05-23,08:05:36.000,2025-05-20,-1,PRIJ,PRIME INC,PREPAID,6025,74.7,633,574,0,,0,0,0,1,1418.55
16,1009,204,4130,4335,3978,4752,3056,90.0,84.9,1,0,0,448,10,10,4.96,3.68,-3.68,186,1538548078,2,2025-05-24,05/21/2025 - 05/24/2025,2025-05-24,10:58:04.000,2025-05-23,0,SCDS,SCHNEIDER NATIONAL CARRIERS INC,PREPAID,6030,34.38,594,382,0,,0,0,0,1,612.65
16,1010,205,4707,4845,4756,5410,5410,92.0,92.8,1,1,1,580,7,8,2.93,1.04,1.04,166,1538548079,1,2025-05-24,05/21/2025 - 05/24/2025,2025-05-22,06:48:50.000,2025-05-19,-2,SWFT,SWIFT TRANSPORTATION CO OF ARIZONA LLC,PREPAID,7033,66.0,541,541,0,47-Incorrect Labeling(Supplier),0,0,1,0,0.0
17,1001,201,9317,9720,9162,10716,9796,96.0,93.2,1,0,0,712,6,5,4.33,1.66,-1.66,208,1538548080,1,2025-05-28,05/25/2025 - 05/28/2025,2025-05-26,19:11:41.000,2025-05-25,-2,WENP,WERNER ENTERPRISES INC,PREPAID,6030,37.05,2679,2449,0,,0,0,0,1,2977.71
17,1002,201,6616,6480,6609,7608,7608,96.0,93.6,1,1,1,408,5,5,2.06,0.11,-0.11,139,1538548080,2,2025-05-28,05/25/2025 - 05/28/2025,2025-05-26,09:52:49.000,2025-05-23,-2,HJBT,J B HUNT TRANSPORT INC,PREPAID,6039,30.03,1268,1268,0,,0,0,1,0,0.0
17,1006,202,12228,12000,12383,14064,14064,94.0,89.5,0,1,0,1104,6,7,1.86,1.27,1.27,360,1538548081,1,2025-05-29,05/26/2025 - 05/29/2025,2025-06-03,13:58:42.000,2025-06-02,5,WM,PRIVATE FLEET ADMIN,COLLECT,6035,127.46,1172,1172,0,,0,0,0,1,4481.49
17,1007,202,8899,9000,8865,10232,10232,94.0,91.7,1,1,1,512,9,7,1.13,0.38,-0.38,270,1538548081,2,2025-05-29,05/26/2025 - 05/29/2025,2025-05-26,19:33:24.000,2025-05-25,-3,SWFT,SWIFT TRANSPORTATION CO OF ARIZONA LLC,PREPAID,6048,40.0,1279,1279,0,47-Incorrect Labeling(Supplier),0,0,1,0,0.0
17,1003,203,4587,4500,4644,5274,4320,94.0,94.8,1,0,0,228,7,6,1.9,1.24,1.24,116,1538548082,1,2025-05-28,05/25/2025 - 05/28/2025,2025-05-28,07:28:56.000,2025-05-26,0,WENP,WERNER ENTERPRISES INC,PREPAID,6025,39.15,879,720,0,,0,0,0,1,1032.39
17,1004,203,3329,3500,3237,3828,3828,94.0,92.2,1,1,1,288,6,6,5.14,2.76,-2.76,90,1538548082,2,2025-05-27,05/24/2025 - 05/27/2025,2025-05-24,12:30:55.000,2025-05-23,-3,CRCR,CRETE CARRIER CORPORATION,PREPAID,7026,35.85,638,638,0,,0,0,1,0,0.0
17,1005,203,2530,2500,2503,2910,2910,94.0,94.2,1,1,1,276,7,6,1.19,1.07,-1.07,64,1538548082,3,2025-05-28,05/25/2025 - 05/28/2025,2025-05-26,16:49:22.000,2025-05-24,-2,WENP,WERNER ENTERPRISES INC,PREPAID,6070,26.26,485,485,0,59-DC/FC Capacity Related(On Time Impact),1,0,0,0,0.0
17,1008,204,5288,5500,5202,6080,3670,90.0,88.2,0,0,0,680,11,10,4.01,1.63,-1.63,236,1538548083,1,2025-05-31,05/28/2025 - 05/31/2025,2025-06-02,17:37:19.000,2025-05-31,2,SCDS,SCHNEIDER NATIONAL CARRIERS INC,PREPAID,6068,70.78,608,367,0,,0,0,0,1,1291.03
17,1009,204,4143,4250,3983,4768,4768,90.0,85.7,1,1,1,544,11,10,2.58,3.86,-3.86,182,1538548083,2,2025-05-31,05/28/2025 - 05/31/2025,2025-05-30,12:44:51.000,2025-05-28,-1,SWFT,SWIFT TRANSPORTATION CO OF ARIZONA LLC,PREPAID,6030,33.54,596,596,0,,0,0,1,0,0.0
17,1010,205,4840,4750,4659,5570,3620,92.0,93.2,1,0,0,330,8,8,1.86,3.74,-3.74,163,1538548084,1,2025-05-30,05/27/2025 - 05/30/2025,2025-05-30,07:41:59.000,2025-05-27,0,SWFT,SWIFT TRANSPORTATION CO OF ARIZONA LLC,PREPAID,7035,63.36,557,362,0,,0,0,0,1,1058.75
18,1001,201,9212,9450,8968,10592,10592,96.0,90.5,1,1,1,376,4,5,2.58,2.65,-2.65,202,1538548085,1,2025-06-03,05/31/2025 - 06/03/2025,2025-06-01,12:07:49.000,2025-05-29,-2,HJBT,J B HUNT TRANSPORT INC,PREPAID,6039,37.78,2648,2648,0,,0,0,1,0,0.0
18,1002,201,6176,6300,6154,7104,6420,96.0,93.6,1,0,0,240,7,5,2.01,0.36,-0.36,135,1538548085,2,2025-06-03,05/31/2025 - 06/03/2025,2025-06-01,10:00:54.000,2025-05-29,-2,HJBT,J B HUNT TRANSPORT INC,PREPAID,7045,30.87,1184,1070,0,,0,0,0,1,1096.5
18,1006,202,12756,12200,12552,14664,13272,94.0,92.3,1,0,0,1260,6,7,4.36,1.6,-1.6,366,1538548086,1,2025-06-06,06/03/2025 - 06/06/2025,2025-06-04,13:28:31.000,2025-06-01,-2,WM,PRIVATE FLEET ADMIN,COLLECT,6035,134.19,1222,1106,0,,0,0,0,1,4919.41
18,1007,202,8999,9150,9176,10352,9064,94.0,95.3,1,0,0,512,7,7,1.68,1.97,1.97,274,1538548086,2,2025-06-05,06/02/2025 - 06/05/2025,2025-06-03,11:04:46.000,2025-06-02,-2,WENP,WERNER ENTERPRISES INC,PREPAID,6035,39.08,1294,1133,0,,0,0,0,1,1517.09
18,1003,203,4528,4590,4482,5208,5208,94.0,94.2,1,1,1,258,6,6,1.37,1.02,-1.02,118,1538548087,1,2025-06-05,06/02/2025 - 06/05/2025,2025-06-04,11:46:33.000,2025-06-03,-1,WENP,WERNER ENTERPRISES INC,PREPAID,6025,39.08,868,868,0,,0,0,1,0,0.0
18,1004,203,3694,3570,3773,4248,3972,94.0,91.2,1,0,0,354,7,6,3.36,2.14,2.14,92,1538548087,2,2025-06-03,05/31/2025 - 06/03/2025,2025-06-01,06:54:54.000,2025-05-29,-2,WENP,WERNER ENTERPRISES INC,PREPAID,6025,34.6,708,662,0,,0,0,0,1,734.9
18,1005,203,2639,2550,2673,3036,3036,94.0,92.2,1,1,1,222,6,6,3.37,1.29,1.29,66,1538548087,3,2025-06-05,06/02/2025 - 06/05/2025,2025-06-02,15:42:09.000,2025-06-01,-3,BYLR,BAYLOR TRUCKING INC,PREPAID,7035,26.25,506,506,0,,0,1,0,0,0.0
18,1008,204,5418,5390,5618,6230,6230,90.0,87.5,1,1,1,740,12,10,0.52,3.69,3.69,231,1538548088,1,2025-06-08,06/05/2025 - 06/08/2025,2025-06-08,19:49:17.000,2025-06-07,0,CRCR,CRETE CARRIER CORPORATION,PREPAID,7035,72.58,623,623,0,,0,0,1,0,0.0
18,1009,204,4085,4165,4209,4696,4696,90.0,84.7,1,1,1,544,10,10,1.96,3.04,3.04,178,1538548088,2,2025-06-07,06/04/2025 - 06/07/2025,2025-06-05,06:25:07.000,2025-06-03,-2,CTII,CENTRAL TRANSPORT,PREPAID,7035,35.07,587,587,0,,0,0,1,0,0.0
18,1010,205,4425,4655,4275,5090,5090,92.0,92.1,1,1,1,410,7,8,5.2,3.39,-3.39,160,1538548089,1,2025-06-05,06/02/2025 - 06/05/2025,2025-06-03,13:48:11.000,2025-06-01,-2,WM,PRIVATE FLEET ADMIN,COLLECT,6012,65.74,509,509,0,,0,0,1,0,0.0
19,1001,201,9384,9270,9465,10792,10792,96.0,96.8,1,1,1,584,5,5,1.21,0.86,0.86,199,1538548090,1,2025-06-09,06/06/2025 - 06/09/2025,2025-06-08,16:07:24.000,2025-06-06,-1,SCDS,SCHNEIDER NATIONAL CARRIERS INC,PREPAID,6092,36.62,2698,2698,0,,0,0,1,0,0.0
19,1002,201,6081,6180,5987,6996,6516,96.0,95.2,1,0,0,312,4,5,1.63,1.55,-1.55,132,1538548090,2,2025-06-11,06/08/2025 - 06/11/2025,2025-06-11,19:03:32.000,2025-06-09,0,HJBT,J B HUNT TRANSPORT INC,PREPAID,6039,30.95,1166,1086,0,,0,0,0,1,1082.63
19,1006,202,12021,12500,12420,13824,13824,94.0,95.8,1,1,1,708,6,7,3.98,3.32,3.32,375,1538548091,1,2025-06-12,06/09/2025 - 06/12/2025,2025-06-12,06:18:30.000,2025-06-11,0,WM,PRIVATE FLEET ADMIN,COLLECT,6023,126.85,1152,1152,0,,0,0,1,0,0.0
19,1007,202,8978,9375,9113,10328,10328,94.0,95.3,1,1,1,528,7,7,4.42,1.5,1.5,281,1538548091,2,2025-06-11,06/08/2025 - 06/11/2025,2025-06-09,19:52:47.000,2025-06-06,-2,WM,PRIVATE FLEET ADMIN,COLLECT,6048,40.98,1291,1291,0,53-Transportation Issue - COLLECT,1,0,0,0,0.0
19,1003,203,4928,4725,5029,5670,5670,94.0,88.1,1,1,1,336,5,6,4.12,2.05,2.05,122,1538548092,1,2025-06-10,06/07/2025 - 06/10/2025,2025-06-09,10:40:25.000,2025-06-08,-1,WENP,WERNER ENTERPRISES INC,PREPAID,6043,38.79,945,945,0,,0,0,1,0,0.0
19,1004,203,3766,3675,3652,4332,3282,94.0,89.6,1,0,0,246,7,6,2.42,3.03,-3.03,94,1538548092,2,2025-06-10,06/07/2025 - 06/10/2025,2025-06-08,19:27:01.000,2025-06-07,-2,WM,PRIVATE FLEET ADMIN,COLLECT,6025,34.7,722,547,0,,0,0,0,1,751.6
19,1005,203,2670,2625,2702,3072,3072,94.0,95.6,1,1,1,174,7,6,1.69,1.2,1.2,68,1538548092,3,2025-06-12,06/09/2025 - 06/12/2025,2025-06-10,07:05:08.000,2025-06-09,-2,WENP,WERNER ENTERPRISES INC,PREPAID,7026,26.69,512,512,0,,0,0,1,0,0.0
19,1008,204,5547,5335,5421,6380,6380,90.0,91.6,1,1,1,590,10,10,3.82,2.27,-2.27,229,1538548093,1,2025-06-16,06/13/2025 - 06/16/2025,2025-06-16,06:40:24.000,2025-06-14,0,SCDS,SCHNEIDER NATIONAL CARRIERS INC,PREPAID,7035,74.23,638,638,0,,0,0,1,0,0.0
19,1009,204,3958,4122,3828,4552,4552,90.0,85.6,1,1,1,424,10,10,4.14,3.28,-3.28,177,1538548093,2,2025-06-15,06/12/2025 - 06/15/2025,2025-06-14,18:08:52.000,2025-06-12,-1,SCDS,SCHNEIDER NATIONAL CARRIERS INC,PREPAID,6030,35.39,569,569,0,,0,0,1,0,0.0
19,1010,205,4825,4608,4732,5550,4950,92.0,88.5,1,0,0,470,9,8,4.5,1.93,-1.93,158,1538548094,1,2025-06-14,06/11/2025 - 06/14/2025,2025-06-13,18:30:40.000,2025-06-11,-1,SWFT,SWIFT TRANSPORTATION CO OF ARIZONA LLC,PREPAID,7033,65.08,555,495,0,,0,0,0,1,1083.58
20,1001,201,8749,9000,8619,10060,10060,96.0,93.3,1,1,1,644,6,5,2.87,1.49,-1.49,193,1538548095,1,2025-06-16,06/13/2025 - 06/16/2025,2025-06-13,16:03:33.000,2025-06-10,-3,HJBT,J B HUNT TRANSPORT INC,PREPAID,6039,38.23,2515,2515,0,,0,0,1,0,0.0
20,1002,201,5909,6000,5736,6798,4920,96.0,91.0,1,0,0,252,6,5,1.54,2.93,-2.93,129,1538548095,2,2025-06-17,06/14/2025 - 06/17/2025,2025-06-14,18:37:45.000,2025-06-13,-3,CRCR,CRETE CARRIER CORPORATION,PREPAID,7045,30.35,1133,820,0,,0,0,0,1,1031.6
20,1006,202,12372,12800,12328,14232,11760,94.0,88.5,1,0,0,744,7,7,3.46,0.36,-0.36,384,1538548096,1,2025-06-18,06/15/2025 - 06/18/2025,2025-06-17,09:37:18.000,2025-06-14,-1,WM,PRIVATE FLEET ADMIN,COLLECT,6023,133.56,1186,980,0,,0,0,0,1,4752.06
20,1007,202,9790,9600,10025,11256,11256,94.0,92.1,1,1,1,968,9,7,1.94,2.4,2.4,288,1538548096,2,2025-06-18,06/15/2025 - 06/18/2025,2025-06-18,11:33:17.000,2025-06-16,0,WM,PRIVATE FLEET ADMIN,COLLECT,6023,40.15,1407,1407,0,,0,0,1,0,0.0
20,1003,203,5018,4860,4979,5772,5772,94.0,92.3,1,1,1,504,5,6,3.15,0.78,-0.78,125,1538548097,1,2025-06-19,06/16/2025 - 06/19/2025,2025-06-19,18:40:22.000,2025-06-16,0,WENP,WERNER ENTERPRISES INC,PREPAID,6025,40.28,962,962,0,,0,0,1,0,0.0
20,1004,203,3691,3780,3599,4242,4242,94.0,89.6,1,1,1,246,5,6,2.41,2.49,-2.49,97,1538548097,2,2025-06-18,06/15/2025 - 06/18/2025,2025-06-16,08:44:10.000,2025-06-15,-2,PRIJ,PRIME INC,PREPAID,7026,35.7,707,707,0,49-System Issue,1,0,0,0,0.0
20,1005,203,2725,2700,2825,3132,2328,94.0,94.1,1,0,0,210,5,6,0.92,3.67,3.67,69,1538548097,3,2025-06-19,06/16/2025 - 06/19/2025,2025-06-18,06:23:53.000,2025-06-17,-1,WENP,WERNER ENTERPRISES INC,PREPAID,6025,26.4,522,388,0,,0,0,0,1,413.42
20,1008,204,5177,5390,5068,5950,3750,90.0,86.3,1,0,0,570,9,10,4.11,2.11,-2.11,231,1538548098,1,2025-06-23,06/20/2025 - 06/23/2025,2025-06-22,12:24:20.000,2025-06-20,-1,SCDS,SCHNEIDER NATIONAL CARRIERS INC,PREPAID,6030,71.18,595,375,0,,0,0,0,1,1270.56
20,1009,204,4329,4165,4501,4976,4120,90.0,88.4,1,0,0,672,11,10,3.79,3.97,3.97,178,1538548098,2,2025-06-22,06/19/2025 - 06/22/2025,2025-06-19,06:11:57.000,2025-06-17,-3,SCDS,SCHNEIDER NATIONAL CARRIERS INC,PREPAID,6018,33.75,622,515,0,,0,0,0,1,629.78
20,1010,205,4515,4655,4446,5190,3650,92.0,87.5,0,0,0,400,8,8,3.1,1.53,-1.53,160,1538548099,1,2025-06-19,06/16/2025 - 06/19/2025,2025-06-22,12:14:20.000,2025-06-19,3,SWFT,SWIFT TRANSPORTATION CO OF ARIZONA LLC,PREPAID,6094,66.62,519,365,0,,0,1,0,0,0.0
21,1001,201,8949,8730,9294,10292,10292,96.0,94.9,1,1,1,608,6,5,2.45,3.86,3.86,187,1538548100,1,2025-06-23,06/20/2025 - 06/23/2025,2025-06-20,08:59:28.000,2025-06-18,-3,HJBT,J B HUNT TRANSPORT INC,PREPAID,7033,36.74,2573,2573,0,,0,0,1,0,0.0
21,1002,201,6073,5820,5965,6984,4740,96.0,91.8,1,0,0,318,6,5,4.17,1.78,-1.78,125,1538548100,2,2025-06-24,06/21/2025 - 06/24/2025,2025-06-21,14:32:48.000,2025-06-19,-3,JBR,J B HUNT TRANSPORT INC,PREPAID,7045,31.06,1164,790,0,,0,1,0,0,0.0
21,1006,202,13476,13000,13364,15492,15492,94.0,92.0,1,1,1,756,7,7,3.53,0.83,-0.83,390,1538548101,1,2025-06-25,06/22/2025 - 06/25/2025,2025-06-24,06:34:43.000,2025-06-23,-1,SWFT,SWIFT TRANSPORTATION CO OF ARIZONA LLC,PREPAID,6023,130.16,1291,1291,0,,0,0,1,0,0.0
21,1007,202,9877,9750,9745,11360,8832,94.0,88.2,1,0,0,1008,8,7,1.29,1.34,-1.34,292,1538548101,2,2025-06-26,06/23/2025 - 06/26/2025,2025-06-24,11:25:10.000,2025-06-22,-2,WM,PRIVATE FLEET ADMIN,COLLECT,6035,40.17,1420,1104,0,,0,0,0,1,1711.24
21,1003,203,5221,5040,5013,6006,6006,94.0,92.7,1,1,1,486,6,6,3.47,3.98,-3.98,130,1538548102,1,2025-06-25,06/22/2025 - 06/25/2025,2025-06-24,08:07:45.000,2025-06-22,-1,SCDS,SCHNEIDER NATIONAL CARRIERS INC,PREPAID,6025,40.1,1001,1001,0,,0,0,1,0,0.0
21,1004,203,3824,3920,3875,4398,4398,94.0,92.0,0,1,0,174,6,6,2.51,1.33,1.33,101,1538548102,2,2025-06-26,06/23/2025 - 06/26/2025,2025-06-29,19:09:01.000,2025-06-28,3,WENP,WERNER ENTERPRISES INC,PREPAID,6025,34.92,733,733,0,,0,0,0,1,767.89
21,1005,203,2773,2800,2811,3186,3186,94.0,90.7,1,1,1,192,5,6,0.97,1.37,1.37,72,1538548102,3,2025-06-25,06/22/2025 - 06/25/2025,2025-06-24,19:08:02.000,2025-06-23,-1,WENP,WERNER ENTERPRISES INC,PREPAID,6048,26.11,531,531,0,,0,0,1,0,0.0
21,1008,204,5544,5500,5534,6380,5240,90.0,89.7,1,0,0,610,10,10,0.79,0.18,-0.18,236,1538548103,1,2025-06-30,06/27/2025 - 06/30/2025,2025-06-27,10:25:07.000,2025-06-24,-3,SCDS,SCHNEIDER NATIONAL CARRIERS INC,PREPAID,7035,72.58,638,524,0,,0,0,0,1,1389.18
21,1009,204,4386,4250,4365,5040,4688,90.0,88.7,1,0,0,560,10,10,3.1,0.48,-0.48,182,1538548103,2,2025-06-28,06/25/2025 - 06/28/2025,2025-06-28,07:05:27.000,2025-06-26,0,SCDS,SCHNEIDER NATIONAL CARRIERS INC,PREPAID,6018,34.32,630,586,0,,0,0,0,1,648.65
21,1010,205,4935,4750,5071,5680,5680,92.0,91.4,1,1,1,440,7,8,3.75,2.76,2.76,163,1538548104,1,2025-06-26,06/23/2025 - 06/26/2025,2025-06-25,10:28:25.000,2025-06-24,-1,SWFT,SWIFT TRANSPORTATION CO OF ARIZONA LLC,PREPAID,6094,66.31,568,568,0,,0,0,1,0,0.0
22,1001,201,8706,8550,8880,10012,10012,96.0,96.1,0,1,0,764,4,5,1.79,2.0,2.0,183,1538548105,1,2025-06-30,06/27/2025 - 06/30/2025,2025-07-04,14:11:04.000,2025-07-01,4,HJBT,J B HUNT TRANSPORT INC,PREPAID,6038,36.97,2503,2503,0,,0,0,0,1,2776.08
22,1002,201,5706,5700,5572,6564,6564,96.0,95.3,1,1,1,228,7,5,0.11,2.35,-2.35,122,1538548105,2,2025-06-30,06/27/2025 - 06/30/2025,2025-06-30,07:47:36.000,2025-06-27,0,CTII,CENTRAL TRANSPORT,PREPAID,7045,31.24,1094,1094,0,,0,0,1,0,0.0
22,1006,202,13053,12800,12825,15012,15012,94.0,90.2,1,1,1,1248,7,7,1.94,1.75,-1.75,384,1538548106,1,2025-07-04,07/01/2025 - 07/04/2025,2025-07-01,17:35:14.000,2025-06-29,-3,WM,PRIVATE FLEET ADMIN,COLLECT,6039,133.78,1251,1251,0,,0,0,1,0,0.0
22,1007,202,9465,9600,9620,10888,8464,94.0,92.9,1,0,0,936,9,7,1.43,1.64,1.64,288,1538548106,2,2025-07-02,06/29/2025 - 07/02/2025,2025-07-01,16:47:22.000,2025-06-29,-1,WM,PRIVATE FLEET ADMIN,COLLECT,6048,39.97,1361,1058,0,,0,0,0,1,1631.98
22,1003,203,5125,5175,5256,5892,5892,94.0,88.5,1,1,1,462,7,6,0.98,2.56,2.56,133,1538548107,1,2025-07-02,06/29/2025 - 07/02/2025,2025-07-01,11:45:49.000,2025-06-28,-1,WENP,WERNER ENTERPRISES INC,PREPAID,6025,39.64,982,982,0,,0,0,1,0,0.0
22,1004,203,3933,4025,4067,4524,4524,94.0,92.6,1,1,1,402,8,6,2.34,3.41,3.41,104,1538548107,2,2025-07-02,06/29/2025 - 07/02/2025,2025-06-30,17:58:42.000,2025-06-29,-2,WENP,WERNER ENTERPRISES INC,PREPAID,6070,34.84,754,754,0,,0,0,1,0,0.0
22,1005,203,2945,2875,2906,3384,3384,94.0,94.8,1,1,1,306,7,6,2.38,1.32,-1.32,74,1538548107,3,2025-07-02,06/29/2025 - 07/02/2025,2025-07-02,18:20:22.000,2025-06-29,0,WENP,WERNER ENTERPRISES INC,PREPAID,7045,25.68,564,564,0,,0,0,1,0,0.0
22,1008,204,5712,5610,5913,6570,4280,90.0,91.3,1,0,0,540,12,10,1.79,3.52,3.52,240,1538548108,1,2025-07-07,07/04/2025 - 07/07/2025,2025-07-07,16:54:15.000,2025-07-05,0,BYLR,BAYLOR TRUCKING INC,PREPAID,6030,74.72,657,428,0,,0,0,0,1,1472.73
22,1009,204,4493,4335,4657,5168,4056,90.0,91.7,1,0,0,528,12,10,3.52,3.65,3.65,186,1538548108,2,2025-07-05,07/02/2025 - 07/05/2025,2025-07-02,10:59:14.000,2025-07-01,-3,SCDS,SCHNEIDER NATIONAL CARRIERS INC,PREPAID,6070,33.49,646,507,0,,0,0,0,1,649.04
22,1010,205,4663,4845,4810,5360,5360,92.0,93.5,1,1,1,540,8,8,3.9,3.15,3.15,166,1538548109,1,2025-07-03,06/30/2025 - 07/03/2025,2025-07-01,14:35:10.000,2025-06-30,-2,CRCR,CRETE CARRIER CORPORATION,PREPAID,7033,63.92,536,536,0,,0,0,1,0,0.0
23,1001,201,8495,8370,8486,9768,6108,96.0,90.8,1,0,0,648,7,5,1.47,0.11,-0.11,179,1538548110,1,2025-07-07,07/04/2025 - 07/07/2025,2025-07-06,08:14:03.000,2025-07-03,-1,JBR,J B HUNT TRANSPORT INC,PREPAID,7039,37.67,2442,1527,0,,0,0,0,1,2759.7
23,1002,201,5728,5580,5515,6588,6180,96.0,92.7,1,0,0,456,6,5,2.58,3.72,-3.72,120,1538548110,2,2025-07-09,07/06/2025 - 07/09/2025,2025-07-08,10:12:21.000,2025-07-06,-1,HJBT,J B HUNT TRANSPORT INC,PREPAID,6030,30.37,1098,1030,0,,0,0,0,1,1000.39
23,1006,202,13044,12500,13136,15000,12924,94.0,91.4,1,0,0,1272,9,7,4.17,0.71,0.71,375,1538548111,1,2025-07-10,07/07/2025 - 07/10/2025,2025-07-08,08:33:13.000,2025-07-05,-2,SWFT,SWIFT TRANSPORTATION CO OF ARIZONA LLC,PREPAID,6039,131.04,1250,1077,0,,0,0,0,1,4914.0
23,1007,202,9841,9375,9676,11320,11320,94.0,89.3,1,1,1,664,7,7,4.74,1.68,-1.68,281,1538548111,2,2025-07-10,07/07/2025 - 07/10/2025,2025-07-10,18:03:47.000,2025-07-07,0,WM,PRIVATE FLEET ADMIN,COLLECT,6023,41.13,1415,1415,0,,0,0,1,0,0.0
23,1003,203,5560,5310,5574,6396,4986,94.0,89.0,1,0,0,516,5,6,4.5,0.25,0.25,137,1538548112,1,2025-07-08,07/05/2025 - 07/08/2025,2025-07-06,10:51:45.000,2025-07-03,-2,WM,PRIVATE FLEET ADMIN,COLLECT,6025,39.35,1066,831,0,,0,0,0,1,1258.41
23,1004,203,3967,4130,4002,4560,4164,94.0,88.2,1,0,0,396,5,6,4.11,0.88,0.88,106,1538548112,2,2025-07-09,07/06/2025 - 07/09/2025,2025-07-07,16:28:46.000,2025-07-06,-2,WENP,WERNER ENTERPRISES INC,PREPAID,6070,34.91,760,694,0,,0,0,0,1,795.95
23,1005,203,2964,2950,2953,3408,3006,94.0,90.0,1,0,0,300,5,6,0.47,0.37,-0.37,76,1538548112,3,2025-07-09,07/06/2025 - 07/09/2025,2025-07-07,17:34:07.000,2025-07-06,-2,WENP,WERNER ENTERPRISES INC,PREPAID,6025,25.17,568,501,0,,0,0,0,1,428.9
23,1008,204,5525,5775,5467,6350,6350,90.0,88.9,0,1,0,610,12,10,4.52,1.05,-1.05,248,1538548113,1,2025-07-14,07/11/2025 - 07/14/2025,2025-07-18,15:35:29.000,2025-07-16,4,SCDS,SCHNEIDER NATIONAL CARRIERS INC,PREPAID,6068,71.67,635,635,0,,0,0,0,1,1365.31
23,1009,204,4301,4462,4342,4944,4016,90.0,84.5,0,0,0,496,9,10,3.74,0.95,0.95,191,1538548113,2,2025-07-14,07/11/2025 - 07/14/2025,2025-07-19,07:01:48.000,2025-07-17,5,SCDS,SCHNEIDER NATIONAL CARRIERS INC,PREPAID,6030,33.99,618,502,0,,0,0,0,1,630.17
23,1010,205,5057,4988,5169,5820,4820,92.0,87.0,1,0,0,660,10,8,1.36,2.21,2.21,171,1538548114,1,2025-07-12,07/09/2025 - 07/12/2025,2025-07-12,18:03:25.000,2025-07-09,0,SWFT,SWIFT TRANSPORTATION CO OF ARIZONA LLC,PREPAID,6054,63.98,582,482,0,,0,0,0,1,1117.09
24,1001,201,7978,8280,7960,9176,9176,96.0,97.1,1,1,1,272,6,5,3.79,0.23,-0.23,177,1538548115,1,2025-07-16,07/13/2025 - 07/16/2025,2025-07-14,14:29:10.000,2025-07-11,-2,HJBT,J B HUNT TRANSPORT INC,PREPAID,6039,37.75,2294,2294,0,,0,0,1,0,0.0
24,1002,201,5553,5520,5390,6384,6384,96.0,95.7,1,1,1,402,4,5,0.59,2.94,-2.94,118,1538548115,2,2025-07-14,07/11/2025 - 07/14/2025,2025-07-11,12:30:43.000,2025-07-08,-3,HJBT,J B HUNT TRANSPORT INC,PREPAID,7045,29.69,1064,1064,0,,0,0,1,0,0.0
24,1006,202,11641,12200,11659,13392,11628,94.0,88.4,1,0,0,948,7,7,4.8,0.15,0.15,366,1538548116,1,2025-07-18,07/15/2025 - 07/18/2025,2025-07-15,15:38:12.000,2025-07-13,-3,HJBT,J B HUNT TRANSPORT INC,PREPAID,7039,128.39,1116,969,0,,0,0,0,1,4298.5
24,1007,202,8794,9150,8704,10112,10112,94.0,93.4,1,1,1,720,8,7,4.05,1.02,-1.02,274,1538548116,2,2025-07-17,07/14/2025 - 07/17/2025,2025-07-14,12:55:48.000,2025-07-13,-3,SWFT,SWIFT TRANSPORTATION CO OF ARIZONA LLC,PREPAID,6023,39.69,1264,1264,0,,0,0,1,0,0.0
24,1003,203,5138,5400,5245,5910,5910,94.0,95.3,1,1,1,516,6,6,5.1,2.08,2.08,139,1538548117,1,2025-07-15,07/12/2025 - 07/15/2025,2025-07-15,15:41:55.000,2025-07-14,0,WENP,WERNER ENTERPRISES INC,PREPAID,6043,40.23,985,985,0,,0,0,1,0,0.0
24,1004,203,4125,4200,4143,4746,4746,94.0,94.0,1,1,1,258,7,6,1.82,0.44,0.44,108,1538548117,2,2025-07-16,07/13/2025 - 07/16/2025,2025-07-15,09:19:03.000,2025-07-12,-1,WENP,WERNER ENTERPRISES INC,PREPAID,6025,35.73,791,791,0,,0,0,1,0,0.0
24,1005,203,2961,3000,2949,3408,2580,94.0,93.2,1,0,0,312,7,6,1.32,0.41,-0.41,77,1538548117,3,2025-07-16,07/13/2025 - 07/16/2025,2025-07-16,11:06:53.000,2025-07-13,0,HJBT,J B HUNT TRANSPORT INC,PREPAID,7026,26.17,568,430,0,,0,0,0,1,445.94
24,1008,204,5736,5940,5725,6600,6600,90.0,91.0,1,1,1,780,9,10,3.56,0.19,-0.19,255,1538548118,1,2025-07-20,07/17/2025 - 07/20/2025,2025-07-18,06:43:55.000,2025-07-15,-2,WM,PRIVATE FLEET ADMIN,COLLECT,6068,74.4,660,660,0,,0,0,1,0,0.0
24,1009,204,4810,4590,4724,5528,5528,90.0,87.1,1,1,1,504,10,10,4.57,1.79,-1.79,197,1538548118,2,2025-07-21,07/18/2025 - 07/21/2025,2025-07-20,18:41:46.000,2025-07-17,-1,BYLR,BAYLOR TRUCKING INC,PREPAID,7035,35.31,691,691,0,59-DC/FC Capacity Related(On Time Impact),1,0,0,0,0.0
24,1010,205,5080,5130,5080,5840,5840,92.0,88.6,1,1,1,630,9,8,0.98,0.0,0.0,176,1538548119,1,2025-07-19,07/16/2025 - 07/19/2025,2025-07-19,16:12:54.000,2025-07-17,0,SWFT,SWIFT TRANSPORTATION CO OF ARIZONA LLC,PREPAID,6018,65.44,584,584,0,,0,0,1,0,0.0
25,1001,201,8725,8550,8510,10032,10032,96.0,95.5,1,1,1,544,6,5,2.01,2.46,-2.46,183,1538548120,1,2025-07-21,07/18/2025 - 07/21/2025,2025-07-20,11:53:20.000,2025-07-19,-1,HJBT,J B HUNT TRANSPORT INC,PREPAID,6039,36.33,2508,2508,0,,0,0,1,0,0.0
25,1002,201,5890,5700,6072,6774,6774,96.0,90.2,1,1,1,462,7,5,3.23,3.09,3.09,122,1538548120,2,2025-07-21,07/18/2025 - 07/21/2025,2025-07-19,11:27:08.000,2025-07-16,-2,HJBT,J B HUNT TRANSPORT INC,PREPAID,6092,30.89,1129,1129,0,,0,0,1,0,0.0
25,1006,202,12534,12000,12411,14412,14412,94.0,89.9,1,1,1,960,9,7,4.26,0.98,-0.98,360,1538548121,1,2025-07-25,07/22/2025 - 07/25/2025,2025-07-22,15:08:14.000,2025-07-20,-3,WM,PRIVATE FLEET ADMIN,COLLECT,6023,132.06,1201,1201,0,,0,0,1,0,0.0
25,1007,202,9248,9000,9317,10632,9528,94.0,95.2,1,0,0,512,7,7,2.68,0.75,0.75,270,1538548121,2,2025-07-24,07/21/2025 - 07/24/2025,2025-07-23,15:23:57.000,2025-07-20,-1,CRCR,CRETE CARRIER CORPORATION,PREPAID,6035,40.75,1329,1191,0,43-No Product Availability(Supplier),0,0,0,1,1624.7
25,1003,203,5107,5310,5212,5874,5874,94.0,92.4,1,1,1,498,6,6,3.97,2.06,2.06,137,1538548122,1,2025-07-22,07/19/2025 - 07/22/2025,2025-07-20,14:41:07.000,2025-07-17,-2,WENP,WERNER ENTERPRISES INC,PREPAID,6070,39.72,979,979,0,,0,0,1,0,0.0
25,1004,203,4186,4130,4083,4812,2886,94.0,93.7,1,0,0,318,7,6,1.34,2.46,-2.46,106,1538548122,2,2025-07-24,07/21/2025 - 07/24/2025,2025-07-24,13:15:48.000,2025-07-23,0,WENP,WERNER ENTERPRISES INC,PREPAID,6070,34.7,802,481,0,,0,0,0,1,834.88
25,1005,203,3061,2950,3114,3522,3522,94.0,89.5,1,1,1,288,6,6,3.63,1.73,1.73,76,1538548122,3,2025-07-24,07/21/2025 - 07/24/2025,2025-07-22,15:26:36.000,2025-07-19,-2,SWFT,SWIFT TRANSPORTATION CO OF ARIZONA LLC,PREPAID,6025,26.34,587,587,0,,0,0,1,0,0.0
25,1008,204,5845,6050,5887,6720,5070,90.0,86.0,1,0,0,550,10,10,3.51,0.72,0.72,259,1538548123,1,2025-07-28,07/25/2025 - 07/28/2025,2025-07-27,09:49:23.000,2025-07-26,-1,SCDS,SCHNEIDER NATIONAL CARRIERS INC,PREPAID,6039,74.45,672,507,0,,0,0,0,1,1500.91
25,1009,204,4692,4675,4565,5392,5392,90.0,84.9,1,1,1,448,10,10,0.36,2.71,-2.71,200,1538548123,2,2025-07-27,07/24/2025 - 07/27/2025,2025-07-24,08:35:59.000,2025-07-23,-3,SCDS,SCHNEIDER NATIONAL CARRIERS INC,PREPAID,6068,34.33,674,674,0,,0,0,1,0,0.0
25,1010,205,5162,5225,5085,5940,5940,92.0,88.1,1,1,1,650,10,8,1.22,1.49,-1.49,179,1538548124,1,2025-07-26,07/23/2025 - 07/26/2025,2025-07-24,12:09:24.000,2025-07-23,-2,SWFT,SWIFT TRANSPORTATION CO OF ARIZONA LLC,PREPAID,7033,65.97,594,594,0,,0,0,1,0,0.0
26,1001,201,8587,8820,8317,9876,9876,96.0,95.3,1,1,1,244,4,5,2.71,3.14,-3.14,189,1538548125,1,2025-07-30,07/27/2025 - 07/30/2025,2025-07-28,07:18:35.000,2025-07-26,-2,PRIJ,PRIME INC,PREPAID,6092,37.55,2469,2469,0,,0,1,0,0,0.0
26,1002,201,5642,5880,5672,6486,4188,96.0,94.4,1,0,0,402,4,5,4.22,0.53,0.53,126,1538548125,2,2025-07-30,07/27/2025 - 07/30/2025,2025-07-27,15:32:54.000,2025-07-25,-3,HJBT,J B HUNT TRANSPORT INC,PREPAID,6069,30.68,1081,698,0,,0,0,0,1,994.95
26,1006,202,12269,11800,12637,14112,14112,94.0,93.2,1,1,1,648,9,7,3.82,3.0,3.0,354,1538548126,1,2025-08-01,07/29/2025 - 08/01/2025,2025-07-29,07:04:46.000,2025-07-28,-3,WM,PRIVATE FLEET ADMIN,COLLECT,6035,132.6,1176,1176,0,,0,0,1,0,0.0
26,1007,202,8411,8850,8522,9672,9672,94.0,88.4,1,1,1,704,9,7,5.22,1.32,1.32,266,1538548126,2,2025-07-30,07/27/2025 - 07/30/2025,2025-07-30,06:34:43.000,2025-07-27,0,SWFT,SWIFT TRANSPORTATION CO OF ARIZONA LLC,PREPAID,6035,39.16,1209,1209,0,,0,0,1,0,0.0
26,1003,203,5382,5175,5346,6192,6192,94.0,93.5,1,1,1,330,6,6,3.85,0.67,-0.67,133,1538548127,1,2025-07-29,07/26/2025 - 07/29/2025,2025-07-28,07:32:54.000,2025-07-27,-1,WENP,WERNER ENTERPRISES INC,PREPAID,6025,39.41,1032,1032,0,59-DC/FC Capacity Related(On Time Impact),1,0,0,0,0.0
26,1004,203,3937,4025,3911,4530,4530,94.0,89.9,1,1,1,288,8,6,2.24,0.66,-0.66,104,1538548127,2,2025-07-31,07/28/2025 - 07/31/2025,2025-07-28,10:16:21.000,2025-07-25,-3,WENP,WERNER ENTERPRISES INC,PREPAID,7045,34.02,755,755,0,,0,0,1,0,0.0
26,1005,203,2764,2875,2868,3180,3180,94.0,95.8,0,1,0,258,8,6,4.02,3.76,3.76,74,1538548127,3,2025-07-30,07/27/2025 - 07/30/2025,2025-07-31,10:14:34.000,2025-07-30,1,CTII,CENTRAL TRANSPORT,PREPAID,6070,26.27,530,530,0,,0,0,0,1,417.69
26,1008,204,6454,6160,6659,7420,5200,90.0,90.9,1,0,0,590,9,10,4.56,3.18,3.18,264,1538548128,1,2025-08-02,07/30/2025 - 08/02/2025,2025-08-02,17:06:31.000,2025-07-30,0,SCDS,SCHNEIDER NATIONAL CARRIERS INC,PREPAID,6068,72.12,742,520,0,,0,0,0,1,1605.39
26,1009,204,4568,4760,4608,5256,5256,90.0,84.3,1,1,1,568,9,10,4.2,0.88,0.88,204,1538548128,2,2025-08-04,08/01/2025 - 08/04/2025,2025-08-04,16:09:08.000,2025-08-02,0,BYLR,BAYLOR TRUCKING INC,PREPAID,6030,35.28,657,657,0,,0,1,0,0,0.0
26,1010,205,5204,5130,5169,5980,3660,92.0,90.5,1,0,0,460,8,8,1.42,0.67,-0.67,176,1538548129,1,2025-07-31,07/28/2025 - 07/31/2025,2025-07-30,19:12:56.000,2025-07-27,-1,CTII,CENTRAL TRANSPORT,PREPAID,7033,63.34,598,366,0,,0,0,0,1,1136.32
27,1001,201,8923,9000,9037,10260,10260,96.0,97.2,1,1,1,304,6,5,0.86,1.28,1.28,193,1538548130,1,2025-08-04,08/01/2025 - 08/04/2025,2025-08-04,19:24:01.000,2025-08-03,0,HJBT,J B HUNT TRANSPORT INC,PREPAID,6069,37.94,2565,2565,0,,0,0,1,0,0.0
27,1002,201,6110,6000,6257,7026,4728,96.0,93.3,1,0,0,342,6,5,1.8,2.41,2.41,129,1538548130,2,2025-08-05,08/02/2025 - 08/05/2025,2025-08-05,08:06:20.000,2025-08-03,0,HJBT,J B HUNT TRANSPORT INC,PREPAID,7045,29.86,1171,788,0,49-System Issue,1,0,0,0,0.0
27,1006,202,11003,11500,11274,12648,12648,94.0,90.1,1,1,1,936,9,7,4.52,2.46,2.46,345,1538548131,1,2025-08-08,08/05/2025 - 08/08/2025,2025-08-08,07:02:41.000,2025-08-05,0,SCDS,SCHNEIDER NATIONAL CARRIERS INC,PREPAID,7026,133.41,1054,1054,0,,0,1,0,0,0.0
27,1007,202,8390,8625,8345,9648,9648,94.0,94.3,1,1,1,656,8,7,2.8,0.54,-0.54,259,1538548131,2,2025-08-08,08/05/2025 - 08/08/2025,2025-08-05,11:38:40.000,2025-08-02,-3,CRCR,CRETE CARRIER CORPORATION,PREPAID,6054,41.62,1206,1206,0,,0,0,1,0,0.0
27,1003,203,4995,5040,4881,5742,5742,94.0,93.0,1,1,1,306,6,6,0.9,2.28,-2.28,130,1538548132,1,2025-08-06,08/03/2025 - 08/06/2025,2025-08-03,06:10:38.000,2025-07-31,-3,WENP,WERNER ENTERPRISES INC,PREPAID,6012,40.36,957,957,0,,0,0,1,0,0.0
27,1004,203,3861,3920,3957,4440,4440,94.0,93.0,1,1,1,378,8,6,1.53,2.49,2.49,101,1538548132,2,2025-08-06,08/03/2025 - 08/06/2025,2025-08-06,13:59:45.000,2025-08-03,0,WENP,WERNER ENTERPRISES INC,PREPAID,6025,35.38,740,740,0,,0,0,1,0,0.0
27,1005,203,2792,2800,2769,3210,3210,94.0,95.9,1,1,1,162,6,6,0.29,0.82,-0.82,72,1538548132,3,2025-08-07,08/04/2025 - 08/07/2025,2025-08-07,08:03:25.000,2025-08-04,0,WENP,WERNER ENTERPRISES INC,PREPAID,6043,26.42,535,535,0,,0,0,1,0,0.0
27,1008,204,6292,6050,6169,7240,7240,90.0,91.3,1,1,1,960,10,10,3.85,1.95,-1.95,259,1538548133,1,2025-08-11,08/08/2025 - 08/11/2025,2025-08-08,11:41:31.000,2025-08-06,-3,SCDS,SCHNEIDER NATIONAL CARRIERS INC,PREPAID,6068,70.86,724,724,0,,0,0,1,0,0.0
27,1009,204,4713,4675,4625,5416,4496,90.0,91.5,1,0,0,744,11,10,0.81,1.87,-1.87,200,1538548133,2,2025-08-10,08/07/2025 - 08/10/2025,2025-08-08,12:44:45.000,2025-08-06,-2,SWFT,SWIFT TRANSPORTATION CO OF ARIZONA LLC,PREPAID,7033,34.23,677,562,0,43-No Product Availability(Supplier),0,0,0,1,695.21
27,1010,205,4771,4988,4962,5490,3570,92.0,93.1,1,0,0,340,9,8,4.55,4.0,4.0,171,1538548134,1,2025-08-07,08/04/2025 - 08/07/2025,2025-08-05,09:39:36.000,2025-08-03,-2,JBR,J B HUNT TRANSPORT INC,PREPAID,6094,64.88,549,357,0,47-Incorrect Labeling(Supplier),0,0,0,1,1068.57
28,1001,201,9345,9180,9177,10748,10748,96.0,96.5,1,1,1,812,4,5,1.77,1.8,-1.8,197,1538548135,1,2025-08-11,08/08/2025 - 08/11/2025,2025-08-10,06:35:02.000,2025-08-08,-1,HJBT,J B HUNT TRANSPORT INC,PREPAID,6018,38.32,2687,2687,0,,0,0,1,0,0.0
28,1002,201,6419,6120,6254,7380,5826,96.0,96.2,1,0,0,180,4,5,4.66,2.57,-2.57,131,1538548135,2,2025-08-12,08/09/2025 - 08/12/2025,2025-08-12,14:07:32.000,2025-08-11,0,HJBT,J B HUNT TRANSPORT INC,PREPAID,6092,31.19,1230,971,0,,0,0,0,1,1150.91
28,1006,202,10736,11200,11134,12348,8964,94.0,91.7,1,0,0,600,9,7,4.32,3.71,3.71,336,1538548136,1,2025-08-13,08/10/2025 - 08/13/2025,2025-08-12,16:05:40.000,2025-08-10,-1,JBR,J B HUNT TRANSPORT INC,PREPAID,6048,127.45,1029,747,0,,0,0,0,1,3934.38
28,1007,202,8390,8400,8400,9648,7504,94.0,93.1,1,0,0,904,8,7,0.12,0.12,0.12,252,1538548136,2,2025-08-14,08/11/2025 - 08/14/2025,2025-08-13,12:03:12.000,2025-08-10,-1,WM,PRIVATE FLEET ADMIN,COLLECT,6035,41.6,1206,938,0,51-Item Setup Issue(Supplier),0,0,0,1,1505.09
28,1003,203,4838,4860,4686,5562,5562,94.0,94.5,1,1,1,510,5,6,0.45,3.14,-3.14,125,1538548137,1,2025-08-12,08/09/2025 - 08/12/2025,2025-08-10,06:59:01.000,2025-08-07,-2,WENP,WERNER ENTERPRISES INC,PREPAID,6068,39.55,927,927,0,,0,0,1,0,0.0
28,1004,203,3725,3780,3653,4284,4284,94.0,90.3,1,1,1,288,8,6,1.48,1.93,-1.93,97,1538548137,2,2025-08-12,08/09/2025 - 08/12/2025,2025-08-11,17:04:43.000,2025-08-09,-1,WENP,WERNER ENTERPRISES INC,PREPAID,7026,34.93,714,714,0,,0,0,1,0,0.0
28,1005,203,2719,2700,2732,3126,3126,94.0,88.1,1,1,1,222,6,6,0.7,0.48,0.48,69,1538548137,3,2025-08-14,08/11/2025 - 08/14/2025,2025-08-13,16:31:20.000,2025-08-10,-1,CRCR,CRETE CARRIER CORPORATION,PREPAID,6070,25.43,521,521,0,,0,0,1,0,0.0
28,1008,204,6102,5940,6079,7020,7020,90.0,89.2,1,1,1,740,12,10,2.65,0.38,-0.38,255,1538548138,1,2025-08-18,08/15/2025 - 08/18/2025,2025-08-17,13:37:07.000,2025-08-15,-1,PRIJ,PRIME INC,PREPAID,6070,70.07,702,702,0,,0,0,1,0,0.0
28,1009,204,4457,4590,4567,5128,5128,90.0,87.4,1,1,1,624,10,10,2.98,2.47,2.47,197,1538548138,2,2025-08-16,08/13/2025 - 08/16/2025,2025-08-16,07:02:53.000,2025-08-13,0,SCDS,SCHNEIDER NATIONAL CARRIERS INC,PREPAID,6030,34.79,641,641,0,51-Item Setup Issue(Supplier),0,0,1,0,0.0
28,1010,205,4753,4845,4667,5470,4980,92.0,87.3,1,0,0,520,9,8,1.94,1.81,-1.81,166,1538548139,1,2025-08-14,08/11/2025 - 08/14/2025,2025-08-11,17:57:02.000,2025-08-10,-3,SWFT,SWIFT TRANSPORTATION CO OF ARIZONA LLC,PREPAID,7033,65.71,547,498,0,,0,0,0,1,1078.3
29,1001,201,9349,9450,9542,10752,10752,96.0,96.5,1,1,1,424,6,5,1.08,2.06,2.06,202,1538548140,1,2025-08-20,08/17/2025 - 08/20/2025,2025-08-17,11:05:01.000,2025-08-16,-3,BYLR,BAYLOR TRUCKING INC,PREPAID,6092,36.86,2688,2688,0,,0,0,1,0,0.0
29,1002,201,6390,6300,6387,7350,7350,96.0,92.3,1,1,1,402,5,5,1.41,0.05,-0.05,135,1538548140,2,2025-08-20,08/17/2025 - 08/20/2025,2025-08-17,12:43:01.000,2025-08-15,-3,PRIJ,PRIME INC,PREPAID,6039,30.44,1225,1225,0,,0,0,1,0,0.0
29,1006,202,10801,11000,10655,12420,12420,94.0,89.2,1,1,1,1104,7,7,1.84,1.35,-1.35,330,1538548141,1,2025-08-22,08/19/2025 - 08/22/2025,2025-08-22,11:16:34.000,2025-08-20,0,WM,PRIVATE FLEET ADMIN,COLLECT,6048,133.44,1035,1035,0,,0,0,1,0,0.0
29,1007,202,8212,8250,8497,9440,6696,94.0,88.1,1,0,0,744,8,7,0.46,3.47,3.47,248,1538548141,2,2025-08-21,08/18/2025 - 08/21/2025,2025-08-20,07:22:29.000,2025-08-18,-1,WM,PRIVATE FLEET ADMIN,COLLECT,6023,41.36,1180,837,0,,0,0,0,1,1464.14
29,1003,203,4958,4725,4829,5700,4050,94.0,92.3,1,0,0,516,8,6,4.7,2.6,-2.6,122,1538548142,1,2025-08-19,08/16/2025 - 08/19/2025,2025-08-17,09:07:21.000,2025-08-14,-2,WENP,WERNER ENTERPRISES INC,PREPAID,6070,40.17,950,675,0,,0,1,0,0,0.0
29,1004,203,3790,3675,3840,4356,4356,94.0,91.1,1,1,1,432,6,6,3.03,1.32,1.32,94,1538548142,2,2025-08-21,08/18/2025 - 08/21/2025,2025-08-20,17:57:35.000,2025-08-18,-1,BYLR,BAYLOR TRUCKING INC,PREPAID,6025,34.35,726,726,0,,0,0,1,0,0.0
29,1005,203,2510,2625,2513,2886,2886,94.0,90.1,1,1,1,198,6,6,4.58,0.12,0.12,68,1538548142,3,2025-08-19,08/16/2025 - 08/19/2025,2025-08-18,10:12:28.000,2025-08-17,-1,WENP,WERNER ENTERPRISES INC,PREPAID,7038,25.64,481,481,0,,0,0,1,0,0.0
29,1008,204,5881,5775,5653,6760,5130,90.0,88.5,0,0,0,840,9,10,1.8,3.88,-3.88,248,1538548143,1,2025-08-24,08/21/2025 - 08/24/2025,2025-08-27,14:54:15.000,2025-08-24,3,SCDS,SCHNEIDER NATIONAL CARRIERS INC,PREPAID,7035,73.53,676,513,0,,0,0,0,1,1491.19
29,1009,204,4340,4462,4298,4992,4992,90.0,86.7,1,1,1,640,11,10,2.81,0.97,-0.97,191,1538548143,2,2025-08-24,08/21/2025 - 08/24/2025,2025-08-23,15:29:56.000,2025-08-21,-1,WM,PRIVATE FLEET ADMIN,COLLECT,6068,34.46,624,624,0,,0,0,1,0,0.0
29,1010,205,4984,4750,4796,5730,3450,92.0,94.0,1,0,0,480,10,8,4.7,3.77,-3.77,163,1538548144,1,2025-08-23,08/20/2025 - 08/23/2025,2025-08-22,12:15:11.000,2025-08-19,-1,SWFT,SWIFT TRANSPORTATION CO OF ARIZONA LLC,PREPAID,6094,63.18,573,345,0,,0,0,0,1,1086.06
30,1001,201,9336,9720,9070,10736,6984,96.0,95.5,1,0,0,820,6,5,4.11,2.85,-2.85,208,1538548145,1,2025-08-26,08/23/2025 - 08/26/2025,2025-08-25,06:15:11.000,2025-08-22,-1,HJBT,J B HUNT TRANSPORT INC,PREPAID,7045,37.05,2684,1746,0,,0,0,0,1,2983.27
30,1002,201,6627,6480,6702,7620,6168,96.0,95.0,1,0,0,498,6,5,2.22,1.13,1.13,139,1538548145,2,2025-08-25,08/22/2025 - 08/25/2025,2025-08-25,13:19:02.000,2025-08-23,0,SCDS,SCHNEIDER NATIONAL CARRIERS INC,PREPAID,7045,30.15,1270,1028,0,,0,0,0,1,1148.71
30,1006,202,10314,10800,10482,11856,11856,94.0,94.5,1,1,1,1116,7,7,4.71,1.63,1.63,324,1538548146,1,2025-08-29,08/26/2025 - 08/29/2025,2025-08-27,19:44:22.000,2025-08-24,-2,WM,PRIVATE FLEET ADMIN,COLLECT,7039,128.38,988,988,0,,0,0,1,0,0.0
30,1007,202,8253,8100,7988,9488,5728,94.0,89.9,1,0,0,856,9,7,1.85,3.21,-3.21,243,1538548146,2,2025-08-27,08/24/2025 - 08/27/2025,2025-08-25,17:50:39.000,2025-08-24,-2,WM,PRIVATE FLEET ADMIN,COLLECT,7039,39.96,1186,716,0,,0,0,0,1,1421.78
30,1003,203,4738,4590,4744,5448,5448,94.0,88.3,1,1,1,240,7,6,3.12,0.13,0.13,118,1538548147,1,2025-08-26,08/23/2025 - 08/26/2025,2025-08-26,11:04:19.000,2025-08-25,0,WENP,WERNER ENTERPRISES INC,PREPAID,7039,38.46,908,908,0,,0,0,1,0,0.0
30,1004,203,3553,3570,3615,4086,4086,94.0,91.9,1,1,1,306,6,6,0.48,1.75,1.75,92,1538548147,2,2025-08-27,08/24/2025 - 08/27/2025,2025-08-26,13:55:43.000,2025-08-23,-1,JBR,J B HUNT TRANSPORT INC,PREPAID,7036,33.57,681,681,0,,0,0,1,0,0.0
30,1005,203,2649,2550,2566,3048,3048,94.0,92.3,1,1,1,288,7,6,3.74,3.13,-3.13,66,1538548147,3,2025-08-27,08/24/2025 - 08/27/2025,2025-08-27,06:56:29.000,2025-08-25,0,WENP,WERNER ENTERPRISES INC,PREPAID,6038,26.22,508,508,0,,0,0,1,0,0.0
30,1008,204,5757,5610,5855,6620,4020,90.0,91.4,1,0,0,720,11,10,2.55,1.7,1.7,240,1538548148,1,2025-08-31,08/28/2025 - 08/31/2025,2025-08-29,10:19:05.000,2025-08-26,-2,CTII,CENTRAL TRANSPORT,PREPAID,7035,72.77,662,402,0,,0,0,0,1,1445.21
30,1009,204,4438,4335,4340,5104,5104,90.0,86.0,1,1,1,456,9,10,2.32,2.21,-2.21,186,1538548148,2,2025-08-31,08/28/2025 - 08/31/2025,2025-08-31,11:17:07.000,2025-08-30,0,WENP,WERNER ENTERPRISES INC,PREPAID,6070,34.99,638,638,0,47-Incorrect Labeling(Supplier),0,1,0,0,0.0
30,1010,205,4844,4655,4941,5570,5570,92.0,89.4,1,1,1,410,9,8,3.9,2.0,2.0,160,1538548149,1,2025-08-29,08/26/2025 - 08/29/2025,2025-08-28,12:31:32.000,2025-08-25,-1,HJBT,J B HUNT TRANSPORT INC,PREPAID,6012,63.65,557,557,0,,0,0,1,0,0.0
31,1001,201,9571,9900,9793,11008,11008,96.0,94.8,1,1,1,520,7,5,3.44,2.32,2.32,212,1538548150,1,2025-09-03,08/31/2025 - 09/03/2025,2025-09-02,10:15:11.000,2025-08-30,-1,WENP,WERNER ENTERPRISES INC,PREPAID,7036,37.08,2752,2752,0,,0,0,1,0,0.0
31,1002,201,6532,6600,6307,7512,7512,96.0,90.8,1,1,1,588,6,5,1.04,3.44,-3.44,141,1538548150,2,2025-09-01,08/29/2025 - 09/01/2025,2025-08-30,11:51:33.000,2025-08-29,-2,SCDS,SCHNEIDER NATIONAL CARRIERS INC,PREPAID,6039,30.57,1252,1252,0,53-Transportation Issue - COLLECT,1,0,0,0,0.0
31,1006,202,10146,10500,9934,11664,10584,94.0,91.8,1,0,0,1128,8,7,3.49,2.09,-2.09,315,1538548151,1,2025-09-03,08/31/2025 - 09/03/2025,2025-09-01,18:13:35.000,2025-08-29,-2,WM,PRIVATE FLEET ADMIN,COLLECT,6048,131.13,972,882,0,59-DC/FC Capacity Related(On Time Impact),1,0,0,0,0.0
31,1007,202,7678,7875,7946,8832,5888,94.0,88.5,1,0,0,832,7,7,2.57,3.49,3.49,236,1538548151,2,2025-09-03,08/31/2025 - 09/03/2025,2025-09-01,06:22:49.000,2025-08-29,-2,WM,PRIVATE FLEET ADMIN,COLLECT,6035,40.44,1104,736,0,,0,0,0,1,1339.37
31,1003,203,4692,4500,4823,5394,5394,94.0,88.0,1,1,1,360,6,6,4.09,2.79,2.79,116,1538548152,1,2025-09-02,08/30/2025 - 09/02/2025,2025-08-30,18:01:40.000,2025-08-28,-3,SCDS,SCHNEIDER NATIONAL CARRIERS INC,PREPAID,7036,38.62,899,899,0,,0,0,1,0,0.0
31,1004,203,3373,3500,3340,3876,3876,94.0,88.8,1,1,1,384,7,6,3.77,0.98,-0.98,90,1538548152,2,2025-09-03,08/31/2025 - 09/03/2025,2025-08-31,10:01:26.000,2025-08-29,-3,WENP,WERNER ENTERPRISES INC,PREPAID,6025,35.66,646,646,0,,0,0,1,0,0.0
31,1005,203,2589,2500,2590,2976,2976,94.0,91.2,1,1,1,234,7,6,3.44,0.04,0.04,64,1538548152,3,2025-09-02,08/30/2025 - 09/02/2025,2025-08-30,14:08:00.000,2025-08-29,-3,BYLR,BAYLOR TRUCKING INC,PREPAID,7039,25.68,496,496,0,,0,0,1,0,0.0
31,1008,204,5289,5500,5255,6080,3780,90.0,89.5,1,0,0,680,12,10,3.99,0.64,-0.64,236,1538548153,1,2025-09-08,09/05/2025 - 09/08/2025,2025-09-08,16:02:51.000,2025-09-07,0,PRIJ,PRIME INC,PREPAID,6048,72.06,608,378,0,,0,0,0,1,1314.37
31,1009,204,4308,4250,4437,4952,4952,90.0,91.2,1,1,1,584,11,10,1.35,2.99,2.99,182,1538548153,2,2025-09-08,09/05/2025 - 09/08/2025,2025-09-07,19:22:25.000,2025-09-06,-1,SCDS,SCHNEIDER NATIONAL CARRIERS INC,PREPAID,6030,35.05,619,619,0,,0,0,1,0,0.0
31,1010,205,4693,4608,4757,5400,4090,92.0,86.0,1,0,0,340,8,8,1.81,1.36,1.36,158,1538548154,1,2025-09-04,09/01/2025 - 09/04/2025,2025-09-03,09:17:54.000,2025-09-01,-1,WENP,WERNER ENTERPRISES INC,PREPAID,6048,65.23,540,409,0,,0,0,0,1,1056.73
32,1001,201,9740,10080,9401,11200,11200,96.0,97.5,1,1,1,864,7,5,3.49,3.48,-3.48,216,1538548155,1,2025-09-08,09/05/2025 - 09/08/2025,2025-09-06,11:34:21.000,2025-09-05,-2,HJBT,J B HUNT TRANSPORT INC,PREPAID,7036,37.22,2800,2800,0,43-No Product Availability(Supplier),0,0,1,0,0.0
32,1002,201,6708,6720,6778,7716,7716,96.0,90.1,0,1,0,192,4,5,0.18,1.04,1.04,144,1538548155,2,2025-09-10,09/07/2025 - 09/10/2025,2025-09-11,16:14:21.000,2025-09-10,1,HJBT,J B HUNT TRANSPORT INC,PREPAID,6039,30.18,1286,1286,0,,0,0,0,1,1164.34
32,1006,202,10118,10200,9733,11640,11640,94.0,95.7,1,1,1,636,6,7,0.81,3.81,-3.81,306,1538548156,1,2025-09-12,09/09/2025 - 09/12/2025,2025-09-11,17:36:51.000,2025-09-10,-1,WM,PRIVATE FLEET ADMIN,COLLECT,6035,132.88,970,970,0,,0,0,1,0,0.0
32,1007,202,8021,7650,8289,9224,6048,94.0,95.0,1,0,0,664,8,7,4.63,3.34,3.34,230,1538548156,2,2025-09-11,09/08/2025 - 09/11/2025,2025-09-09,15:11:46.000,2025-09-07,-2,WM,PRIVATE FLEET ADMIN,COLLECT,6035,39.81,1153,756,0,47-Incorrect Labeling(Supplier),0,0,0,1,1377.03
32,1003,203,4625,4410,4486,5316,5316,94.0,92.2,0,1,0,474,5,6,4.65,3.01,-3.01,113,1538548157,1,2025-09-11,09/08/2025 - 09/11/2025,2025-09-12,06:41:37.000,2025-09-09,1,BYLR,BAYLOR TRUCKING INC,PREPAID,7026,38.06,886,886,0,,0,0,0,1,1011.63
32,1004,203,3498,3430,3420,4020,4020,94.0,92.6,1,1,1,312,5,6,1.94,2.23,-2.23,88,1538548157,2,2025-09-10,09/07/2025 - 09/10/2025,2025-09-07,07:44:34.000,2025-09-06,-3,BYLR,BAYLOR TRUCKING INC,PREPAID,6070,34.22,670,670,0,47-Incorrect Labeling(Supplier),0,0,1,0,0.0
32,1005,203,2393,2450,2299,2754,2754,94.0,93.6,1,1,1,222,8,6,2.38,3.93,-3.93,63,1538548157,3,2025-09-10,09/07/2025 - 09/10/2025,2025-09-08,19:23:41.000,2025-09-05,-2,PRIJ,PRIME INC,PREPAID,7026,26.6,459,459,0,,0,0,1,0,0.0
32,1008,204,5418,5390,5351,6230,6230,90.0,84.7,1,1,1,550,12,10,0.52,1.24,-1.24,231,1538548158,1,2025-09-14,09/11/2025 - 09/14/2025,2025-09-11,19:13:05.000,2025-09-10,-3,SCDS,SCHNEIDER NATIONAL CARRIERS INC,PREPAID,6068,70.23,623,623,0,,0,0,1,0,0.0
32,1009,204,4050,4165,4044,4656,4096,90.0,87.2,0,0,0,520,11,10,2.84,0.15,-0.15,178,1538548158,2,2025-09-14,09/11/2025 - 09/14/2025,2025-09-19,08:15:06.000,2025-09-16,5,SCDS,SCHNEIDER NATIONAL CARRIERS INC,PREPAID,6038,35.8,582,512,0,,0,0,0,1,625.07
32,1010,205,4577,4655,4683,5260,3660,92.0,86.0,1,0,0,400,8,8,1.7,2.32,2.32,160,1538548159,1,2025-09-12,09/09/2025 - 09/12/2025,2025-09-12,09:13:08.000,2025-09-10,0,CTII,CENTRAL TRANSPORT,PREPAID,6094,65.22,526,366,0,,0,0,0,1,1029.17
33,1001,201,10044,9900,10133,11552,9060,96.0,92.9,1,0,0,676,6,5,1.43,0.89,0.89,212,1538548160,1,2025-09-15,09/12/2025 - 09/15/2025,2025-09-12,10:34:01.000,2025-09-10,-3,HJBT,J B HUNT TRANSPORT INC,PREPAID,7045,38.87,2888,2265,0,,0,0,0,1,3367.7
33,1002,201,6638,6600,6639,7632,7632,96.0,90.7,1,1,1,408,5,5,0.57,0.02,0.02,141,1538548160,2,2025-09-17,09/14/2025 - 09/17/2025,2025-09-17,16:01:34.000,2025-09-16,0,JBR,J B HUNT TRANSPORT INC,PREPAID,6069,31.24,1272,1272,0,,0,0,1,0,0.0
33,1006,202,10065,10000,10211,11580,6996,94.0,90.8,1,0,0,636,8,7,0.65,1.45,1.45,300,1538548161,1,2025-09-18,09/15/2025 - 09/18/2025,2025-09-16,07:13:19.000,2025-09-13,-2,CRCR,CRETE CARRIER CORPORATION,PREPAID,7036,129.82,965,583,0,,0,0,0,1,3758.29
33,1007,202,7525,7500,7475,8656,8656,94.0,94.3,1,1,1,504,8,7,0.33,0.66,-0.66,225,1538548161,2,2025-09-19,09/16/2025 - 09/19/2025,2025-09-18,07:09:24.000,2025-09-16,-1,JBR,J B HUNT TRANSPORT INC,PREPAID,6048,39.59,1082,1082,0,,0,1,0,0,0.0
33,1003,203,4292,4320,4366,4938,3372,94.0,93.3,1,0,0,474,8,6,0.65,1.72,1.72,111,1538548162,1,2025-09-18,09/15/2025 - 09/18/2025,2025-09-17,07:24:53.000,2025-09-16,-1,HJBT,J B HUNT TRANSPORT INC,PREPAID,6025,38.12,823,562,0,,0,0,0,1,941.18
33,1004,203,3329,3360,3326,3828,3828,94.0,94.9,1,1,1,318,6,6,0.93,0.09,-0.09,86,1538548162,2,2025-09-17,09/14/2025 - 09/17/2025,2025-09-15,06:35:30.000,2025-09-14,-2,WENP,WERNER ENTERPRISES INC,PREPAID,7026,34.05,638,638,0,,0,0,1,0,0.0
33,1005,203,2352,2400,2281,2706,2706,94.0,91.8,1,1,1,120,7,6,2.04,3.02,-3.02,62,1538548162,3,2025-09-16,09/13/2025 - 09/16/2025,2025-09-16,19:00:45.000,2025-09-14,0,WENP,WERNER ENTERPRISES INC,PREPAID,7026,26.35,451,451,0,,0,0,1,0,0.0
33,1008,204,5094,5335,5033,5860,5410,90.0,84.5,1,0,0,540,12,10,4.73,1.2,-1.2,229,1538548163,1,2025-09-21,09/18/2025 - 09/21/2025,2025-09-19,11:45:51.000,2025-09-17,-2,SCDS,SCHNEIDER NATIONAL CARRIERS INC,PREPAID,7035,71.15,586,541,0,,0,0,0,1,1250.82
33,1009,204,3997,4122,3970,4600,3176,90.0,90.6,0,0,0,592,11,10,3.13,0.68,-0.68,177,1538548163,2,2025-09-20,09/17/2025 - 09/20/2025,2025-09-22,08:34:40.000,2025-09-21,2,JBR,J B HUNT TRANSPORT INC,PREPAID,7035,34.25,575,397,0,53-Transportation Issue - COLLECT,1,0,0,0,0.0
33,1010,205,4844,4750,4940,5570,5570,92.0,90.4,1,1,1,360,9,8,1.94,1.98,1.98,163,1538548164,1,2025-09-20,09/17/2025 - 09/20/2025,2025-09-19,11:24:12.000,2025-09-16,-1,SWFT,SWIFT TRANSPORTATION CO OF ARIZONA LLC,PREPAID,7033,64.8,557,557,0,59-DC/FC Capacity Related(On Time Impact),1,0,0,0,0.0
34,1001,201,9659,9720,9373,11108,11108,96.0,97.6,1,1,1,236,4,5,0.63,2.96,-2.96,208,1538548165,1,2025-09-22,09/19/2025 - 09/22/2025,2025-09-22,10:33:07.000,2025-09-19,0,CRCR,CRETE CARRIER CORPORATION,PREPAID,6012,38.68,2777,2777,0,,0,0,1,0,0.0
34,1002,201,6703,6480,6789,7710,7710,96.0,90.8,1,1,1,246,6,5,3.33,1.28,1.28,139,1538548165,2,2025-09-22,09/19/2025 - 09/22/2025,2025-09-19,10:33:03.000,2025-09-16,-3,WM,PRIVATE FLEET ADMIN,COLLECT,6039,29.67,1285,1285,0,,0,1,0,0,0.0
34,1006,202,9645,9800,9580,11088,11088,94.0,90.8,1,1,1,1092,8,7,1.61,0.67,-0.67,294,1538548166,1,2025-09-24,09/21/2025 - 09/24/2025,2025-09-22,14:14:03.000,2025-09-21,-2,WM,PRIVATE FLEET ADMIN,COLLECT,6035,125.79,924,924,0,,0,0,1,0,0.0
34,1007,202,7497,7350,7261,8624,6696,94.0,94.7,1,0,0,448,7,7,1.96,3.15,-3.15,220,1538548166,2,2025-09-26,09/23/2025 - 09/26/2025,2025-09-26,18:59:11.000,2025-09-24,0,WM,PRIVATE FLEET ADMIN,COLLECT,6023,39.2,1078,837,0,47-Incorrect Labeling(Supplier),0,0,0,1,1267.73
34,1003,203,4247,4275,4379,4884,3264,94.0,94.0,1,0,0,228,6,6,0.66,3.11,3.11,110,1538548167,1,2025-09-25,09/22/2025 - 09/25/2025,2025-09-23,17:12:30.000,2025-09-22,-2,WENP,WERNER ENTERPRISES INC,PREPAID,6070,40.11,814,544,0,,0,0,0,1,979.49
34,1004,203,3487,3325,3421,4008,4008,94.0,88.2,1,1,1,384,8,6,4.65,1.89,-1.89,86,1538548167,2,2025-09-23,09/20/2025 - 09/23/2025,2025-09-21,19:19:17.000,2025-09-19,-2,WENP,WERNER ENTERPRISES INC,PREPAID,7033,35.02,668,668,0,,0,0,1,0,0.0
34,1005,203,2397,2375,2322,2754,2754,94.0,94.6,1,1,1,198,5,6,0.92,3.13,-3.13,61,1538548167,3,2025-09-23,09/20/2025 - 09/23/2025,2025-09-20,18:59:05.000,2025-09-17,-3,WENP,WERNER ENTERPRISES INC,PREPAID,7026,25.56,459,459,0,,0,0,1,0,0.0
34,1008,204,5480,5280,5307,6300,5440,90.0,85.2,1,0,0,850,12,10,3.65,3.16,-3.16,226,1538548168,1,2025-09-28,09/25/2025 - 09/28/2025,2025-09-26,18:42:01.000,2025-09-23,-2,SCDS,SCHNEIDER NATIONAL CARRIERS INC,PREPAID,7035,70.67,630,544,0,,0,0,0,1,1335.66
34,1009,204,4240,4080,4367,4880,4424,90.0,91.1,1,0,0,488,10,10,3.77,3.0,3.0,175,1538548168,2,2025-09-27,09/24/2025 - 09/27/2025,2025-09-25,17:22:18.000,2025-09-23,-2,SCDS,SCHNEIDER NATIONAL CARRIERS INC,PREPAID,7035,34.13,610,553,0,,0,0,0,1,624.58
34,1010,205,4753,4845,4597,5470,4120,92.0,91.9,1,0,0,430,10,8,1.94,3.28,-3.28,166,1538548169,1,2025-09-26,09/23/2025 - 09/26/2025,2025-09-24,08:04:18.000,2025-09-22,-2,CRCR,CRETE CARRIER CORPORATION,PREPAID,6094,63.3,547,412,0,,0,0,0,1,1038.75
35,1001,201,9879,9450,9728,11360,11360,96.0,92.8,1,1,1,776,4,5,4.34,1.53,-1.53,202,1538548170,1,2025-09-29,09/26/2025 - 09/29/2025,2025-09-27,07:09:24.000,2025-09-26,-2,HJBT,J B HUNT TRANSPORT INC,PREPAID,6039,38.76,2840,2840,0,,0,0,1,0,0.0
35,1002,201,6290,6300,6447,7236,7236,96.0,94.4,1,1,1,558,7,5,0.16,2.5,2.5,135,1538548170,2,2025-09-30,09/27/2025 - 09/30/2025,2025-09-29,07:10:49.000,2025-09-26,-1,HJBT,J B HUNT TRANSPORT INC,PREPAID,6039,30.91,1206,1206,0,,0,0,1,0,0.0
35,1006,202,9047,9500,9310,10404,10404,94.0,93.8,1,1,1,948,9,7,5.01,2.91,2.91,285,1538548171,1,2025-10-03,09/30/2025 - 10/03/2025,2025-10-02,18:30:55.000,2025-10-01,-1,WM,PRIVATE FLEET ADMIN,COLLECT,7036,129.9,867,867,0,,0,0,1,0,0.0
35,1007,202,6848,7125,7056,7872,7872,94.0,93.1,1,1,1,424,6,7,4.04,3.04,3.04,214,1538548171,2,2025-10-01,09/28/2025 - 10/01/2025,2025-09-28,14:22:18.000,2025-09-27,-3,WM,PRIVATE FLEET ADMIN,COLLECT,6038,41.44,984,984,0,,0,0,1,0,0.0
35,1003,203,4347,4230,4508,4998,4668,94.0,92.6,0,0,0,294,6,6,2.69,3.7,3.7,109,1538548172,1,2025-09-30,09/27/2025 - 09/30/2025,2025-10-05,14:34:20.000,2025-10-04,5,WENP,WERNER ENTERPRISES INC,PREPAID,7026,38.35,833,778,0,,0,0,0,1,958.37
35,1004,203,3191,3290,3273,3672,3144,94.0,90.2,1,0,0,252,7,6,3.1,2.57,2.57,85,1538548172,2,2025-09-30,09/27/2025 - 09/30/2025,2025-09-28,14:27:45.000,2025-09-25,-2,WENP,WERNER ENTERPRISES INC,PREPAID,6070,35.19,612,524,0,,0,0,0,1,646.09
35,1005,203,2286,2350,2263,2628,1722,94.0,95.5,1,0,0,192,5,6,2.8,1.01,-1.01,60,1538548172,3,2025-09-30,09/27/2025 - 09/30/2025,2025-09-28,08:06:15.000,2025-09-27,-2,WENP,WERNER ENTERPRISES INC,PREPAID,7026,26.61,438,287,0,49-System Issue,1,0,0,0,0.0
35,1008,204,5255,5335,5318,6040,6040,90.0,92.0,1,1,1,490,9,10,1.52,1.2,1.2,229,1538548173,1,2025-10-05,10/02/2025 - 10/05/2025,2025-10-05,17:32:03.000,2025-10-04,0,SCDS,SCHNEIDER NATIONAL CARRIERS INC,PREPAID,6068,71.57,604,604,0,,0,0,1,0,0.0
35,1009,204,4103,4122,3957,4720,4000,90.0,90.0,1,0,0,632,9,10,0.46,3.56,-3.56,177,1538548173,2,2025-10-04,10/01/2025 - 10/04/2025,2025-10-02,09:38:39.000,2025-10-01,-2,BYLR,BAYLOR TRUCKING INC,PREPAID,6030,35.24,590,500,0,,0,0,0,1,623.75
35,1010,205,4798,4988,4788,5520,5520,92.0,93.4,1,1,1,440,10,8,3.96,0.21,-0.21,171,1538548174,1,2025-10-04,10/01/2025 - 10/04/2025,2025-10-02,06:36:38.000,2025-10-01,-2,SWFT,SWIFT TRANSPORTATION CO OF ARIZONA LLC,PREPAID,6012,64.11,552,552,0,,0,0,1,0,0.0
36,1001,201,9402,9180,9054,10812,6820,96.0,97.9,1,0,0,776,4,5,2.36,3.7,-3.7,197,1538548175,1,2025-10-08,10/05/2025 - 10/08/2025,2025-10-05,17:51:28.000,2025-10-04,-3,SCDS,SCHNEIDER NATIONAL CARRIERS INC,PREPAID,6039,37.09,2703,1705,0,,0,0,0,1,3007.63
36,1002,201,6084,6120,5874,6996,6996,96.0,90.4,1,1,1,456,7,5,0.59,3.45,-3.45,131,1538548175,2,2025-10-06,10/03/2025 - 10/06/2025,2025-10-06,09:35:59.000,2025-10-05,0,HJBT,J B HUNT TRANSPORT INC,PREPAID,7045,29.5,1166,1166,0,,0,0,1,0,0.0
36,1006,202,8823,9200,8805,10152,6672,94.0,93.6,1,0,0,768,7,7,4.27,0.2,-0.2,276,1538548176,1,2025-10-10,10/07/2025 - 10/10/2025,2025-10-07,11:38:49.000,2025-10-04,-3,WM,PRIVATE FLEET ADMIN,COLLECT,6048,129.7,846,556,0,,0,0,0,1,3291.79
36,1007,202,7135,6900,7224,8208,8208,94.0,91.5,1,1,1,552,7,7,3.29,1.25,1.25,207,1538548176,2,2025-10-08,10/05/2025 - 10/08/2025,2025-10-06,10:51:34.000,2025-10-05,-2,CTII,CENTRAL TRANSPORT,PREPAID,6048,41.07,1026,1026,0,,0,0,1,0,0.0
36,1003,203,4247,4275,4346,4884,4884,94.0,89.8,1,1,1,282,8,6,0.66,2.33,2.33,110,1538548177,1,2025-10-07,10/04/2025 - 10/07/2025,2025-10-05,12:26:27.000,2025-10-03,-2,WENP,WERNER ENTERPRISES INC,PREPAID,7034,40.2,814,814,0,,0,0,1,0,0.0
36,1004,203,3190,3325,3240,3666,2712,94.0,93.9,1,0,0,234,8,6,4.23,1.57,1.57,86,1538548177,2,2025-10-09,10/06/2025 - 10/09/2025,2025-10-06,11:13:06.000,2025-10-05,-3,HJBT,J B HUNT TRANSPORT INC,PREPAID,6070,34.92,611,452,0,47-Incorrect Labeling(Supplier),0,0,0,1,640.08
36,1005,203,2483,2375,2425,2856,2274,94.0,91.1,1,0,0,180,8,6,4.35,2.34,-2.34,61,1538548177,3,2025-10-07,10/04/2025 - 10/07/2025,2025-10-06,10:21:04.000,2025-10-05,-1,CRCR,CRETE CARRIER CORPORATION,PREPAID,6023,26.62,476,379,0,,0,0,0,1,380.13
36,1008,204,5397,5390,5486,6210,6210,90.0,84.8,1,1,1,730,9,10,0.13,1.65,1.65,231,1538548178,1,2025-10-13,10/10/2025 - 10/13/2025,2025-10-13,19:54:01.000,2025-10-10,0,SCDS,SCHNEIDER NATIONAL CARRIERS INC,PREPAID,6068,73.89,621,621,0,,0,0,1,0,0.0
36,1009,204,4079,4165,4193,4688,2872,90.0,91.0,1,0,0,544,11,10,2.11,2.79,2.79,178,1538548178,2,2025-10-12,10/09/2025 - 10/12/2025,2025-10-09,19:26:20.000,2025-10-06,-3,JBR,J B HUNT TRANSPORT INC,PREPAID,7036,33.85,586,359,0,,0,0,0,1,595.08
36,1010,205,4996,5130,5147,5750,4520,92.0,89.8,1,0,0,430,9,8,2.68,3.02,3.02,176,1538548179,1,2025-10-09,10/06/2025 - 10/09/2025,2025-10-08,11:37:14.000,2025-10-06,-1,SCDS,SCHNEIDER NATIONAL CARRIERS INC,PREPAID,6048,64.97,575,452,0,,0,0,0,1,1120.73
37,1001,201,9235,9000,9355,10620,6784,96.0,92.1,1,0,0,220,5,5,2.54,1.3,1.3,193,1538548180,1,2025-10-14,10/11/2025 - 10/14/2025,2025-10-11,10:09:22.000,2025-10-09,-3,HJBT,J B HUNT TRANSPORT INC,PREPAID,6092,36.62,2655,1696,0,,0,0,0,1,2916.78
37,1002,201,5832,6000,5954,6708,6708,96.0,95.2,1,1,1,288,7,5,2.88,2.09,2.09,129,1538548180,2,2025-10-15,10/12/2025 - 10/15/2025,2025-10-14,15:55:38.000,2025-10-11,-1,HJBT,J B HUNT TRANSPORT INC,PREPAID,6092,30.7,1118,1118,0,,0,0,1,0,0.0
37,1006,202,8866,9000,9074,10200,10200,94.0,94.7,1,1,1,900,7,7,1.51,2.35,2.35,270,1538548181,1,2025-10-16,10/13/2025 - 10/16/2025,2025-10-15,10:00:12.000,2025-10-12,-1,WM,PRIVATE FLEET ADMIN,COLLECT,6030,134.28,850,850,0,43-No Product Availability(Supplier),0,0,1,0,0.0
37,1007,202,6963,6750,7006,8008,8008,94.0,90.4,1,1,1,616,8,7,3.06,0.62,0.62,202,1538548181,2,2025-10-16,10/13/2025 - 10/16/2025,2025-10-13,10:25:49.000,2025-10-12,-3,JBR,J B HUNT TRANSPORT INC,PREPAID,6023,39.41,1001,1001,0,59-DC/FC Capacity Related(On Time Impact),1,0,0,0,0.0
37,1003,203,4440,4365,4417,5106,5106,94.0,95.6,1,1,1,498,8,6,1.69,0.52,-0.52,112,1538548182,1,2025-10-16,10/13/2025 - 10/16/2025,2025-10-14,18:20:52.000,2025-10-11,-2,WENP,WERNER ENTERPRISES INC,PREPAID,6025,39.65,851,851,0,,0,0,1,0,0.0
37,1004,203,3289,3395,3364,3780,3780,94.0,90.3,1,1,1,282,7,6,3.22,2.28,2.28,87,1538548182,2,2025-10-15,10/12/2025 - 10/15/2025,2025-10-15,07:36:44.000,2025-10-13,0,CRCR,CRETE CARRIER CORPORATION,PREPAID,6025,34.99,630,630,0,,0,0,1,0,0.0
37,1005,203,2307,2425,2316,2652,2652,94.0,92.0,1,1,1,246,6,6,5.11,0.39,0.39,62,1538548182,3,2025-10-15,10/12/2025 - 10/15/2025,2025-10-15,09:16:34.000,2025-10-14,0,JBR,J B HUNT TRANSPORT INC,PREPAID,6070,26.12,442,442,0,,0,0,1,0,0.0
37,1008,204,5591,5500,5793,6430,6430,90.0,86.4,1,1,1,630,12,10,1.63,3.61,3.61,236,1538548183,1,2025-10-20,10/17/2025 - 10/20/2025,2025-10-20,06:59:10.000,2025-10-18,0,SCDS,SCHNEIDER NATIONAL CARRIERS INC,PREPAID,6030,71.73,643,643,0,,0,0,1,0,0.0
37,1009,204,4098,4250,4192,4712,4712,90.0,89.0,1,1,1,504,9,10,3.71,2.29,2.29,182,1538548183,2,2025-10-19,10/16/2025 - 10/19/2025,2025-10-17,10:51:54.000,2025-10-16,-2,SCDS,SCHNEIDER NATIONAL CARRIERS INC,PREPAID,7045,34.28,589,589,0,,0,0,1,0,0.0
37,1010,205,5324,5225,5425,6120,4580,92.0,88.6,1,0,0,530,7,8,1.86,1.9,1.9,179,1538548184,1,2025-10-18,10/15/2025 - 10/18/2025,2025-10-17,10:25:03.000,2025-10-14,-1,PRIJ,PRIME INC,PREPAID,6012,62.99,612,458,0,,0,0,0,1,1156.5
38,1001,201,8898,8820,9053,10232,8388,96.0,92.0,1,0,0,452,4,5,0.88,1.74,1.74,189,1538548185,1,2025-10-21,10/18/2025 - 10/21/2025,2025-10-21,07:51:47.000,2025-10-19,0,HJBT,J B HUNT TRANSPORT INC,PREPAID,6039,36.88,2558,2097,0,,0,0,0,1,2830.17
38,1002,201,5749,5880,5922,6612,4692,96.0,91.8,1,0,0,330,7,5,2.28,3.01,3.01,126,1538548185,2,2025-10-22,10/19/2025 - 10/22/2025,2025-10-22,17:17:39.000,2025-10-21,0,SWFT,SWIFT TRANSPORTATION CO OF ARIZONA LLC,PREPAID,6070,29.31,1102,782,0,,0,0,0,1,968.99
38,1006,202,8571,8800,8287,9852,9132,94.0,89.8,1,0,0,516,8,7,2.67,3.31,-3.31,264,1538548186,1,2025-10-24,10/21/2025 - 10/24/2025,2025-10-23,08:40:28.000,2025-10-22,-1,WM,PRIVATE FLEET ADMIN,COLLECT,6048,130.97,821,761,0,,0,0,0,1,3225.79
38,1007,202,6923,6600,6817,7960,6096,94.0,88.0,1,0,0,424,9,7,4.67,1.53,-1.53,198,1538548186,2,2025-10-23,10/20/2025 - 10/23/2025,2025-10-22,09:28:37.000,2025-10-19,-1,WM,PRIVATE FLEET ADMIN,COLLECT,7033,39.33,995,762,0,,0,0,0,1,1174.0
38,1003,203,4651,4500,4805,5346,5346,94.0,88.9,1,1,1,228,8,6,3.25,3.31,3.31,116,1538548187,1,2025-10-22,10/19/2025 - 10/22/2025,2025-10-21,15:20:41.000,2025-10-18,-1,SCDS,SCHNEIDER NATIONAL CARRIERS INC,PREPAID,6025,40.02,891,891,0,,0,0,1,0,0.0
38,1004,203,3341,3500,3232,3840,3102,94.0,95.7,1,0,0,306,5,6,4.76,3.26,-3.26,90,1538548187,2,2025-10-22,10/19/2025 - 10/22/2025,2025-10-22,18:48:40.000,2025-10-19,0,WM,PRIVATE FLEET ADMIN,COLLECT,7026,34.72,640,517,0,43-No Product Availability(Supplier),0,0,0,1,666.62
38,1005,203,2492,2500,2588,2868,2868,94.0,90.2,1,1,1,252,8,6,0.32,3.85,3.85,64,1538548187,3,2025-10-21,10/18/2025 - 10/21/2025,2025-10-20,06:55:08.000,2025-10-18,-1,WENP,WERNER ENTERPRISES INC,PREPAID,7038,26.33,478,478,0,,0,0,1,0,0.0
38,1008,204,5763,5610,5548,6630,6630,90.0,90.8,1,1,1,760,10,10,2.65,3.73,-3.73,240,1538548188,1,2025-10-25,10/22/2025 - 10/25/2025,2025-10-25,14:00:01.000,2025-10-24,0,SCDS,SCHNEIDER NATIONAL CARRIERS INC,PREPAID,7035,71.84,663,663,0,,0,0,1,0,0.0
38,1009,204,4184,4335,4293,4808,3328,90.0,85.1,1,0,0,568,11,10,3.61,2.61,2.61,186,1538548188,2,2025-10-25,10/22/2025 - 10/25/2025,2025-10-25,17:47:28.000,2025-10-22,0,SCDS,SCHNEIDER NATIONAL CARRIERS INC,PREPAID,6092,34.77,601,416,0,59-DC/FC Capacity Related(On Time Impact),1,0,0,0,0.0
38,1010,205,5090,5320,5108,5850,4250,92.0,87.0,1,0,0,610,10,8,4.52,0.35,0.35,182,1538548189,1,2025-10-25,10/22/2025 - 10/25/2025,2025-10-23,06:09:49.000,2025-10-21,-2,JBR,J B HUNT TRANSPORT INC,PREPAID,6069,67.02,585,425,0,,0,0,0,1,1176.2
39,1001,201,9051,8730,8962,10408,10408,96.0,91.3,1,1,1,808,6,5,3.55,0.98,-0.98,187,1538548190,1,2025-10-28,10/25/2025 - 10/28/2025,2025-10-25,15:59:39.000,2025-10-23,-3,JBR,J B HUNT TRANSPORT INC,PREPAID,6039,36.53,2602,2602,0,,0,0,1,0,0.0
39,1002,201,5955,5820,5981,6846,6846,96.0,92.1,1,1,1,492,4,5,2.27,0.44,0.44,125,1538548190,2,2025-10-29,10/26/2025 - 10/29/2025,2025-10-29,10:27:10.000,2025-10-27,0,HJBT,J B HUNT TRANSPORT INC,PREPAID,6092,29.8,1141,1141,0,,0,0,1,0,0.0
39,1006,202,8628,8700,8641,9924,9924,94.0,88.7,1,1,1,612,8,7,0.83,0.15,0.15,261,1538548191,1,2025-10-29,10/26/2025 - 10/29/2025,2025-10-27,12:33:07.000,2025-10-24,-2,PRIJ,PRIME INC,PREPAID,7035,132.75,827,827,0,49-System Issue,1,0,0,0,0.0
39,1007,202,6321,6525,6214,7272,6560,94.0,94.5,1,0,0,712,7,7,3.23,1.69,-1.69,196,1538548191,2,2025-10-30,10/27/2025 - 10/30/2025,2025-10-30,16:21:07.000,2025-10-27,0,WM,PRIVATE FLEET ADMIN,COLLECT,6048,39.31,909,820,0,,0,0,0,1,1071.98
39,1003,203,4710,4590,4736,5418,4092,94.0,95.0,1,0,0,468,5,6,2.55,0.55,0.55,118,1538548192,1,2025-10-30,10/27/2025 - 10/30/2025,2025-10-27,06:14:16.000,2025-10-26,-3,WENP,WERNER ENTERPRISES INC,PREPAID,6025,37.88,903,682,0,,0,0,0,1,1026.17
39,1004,203,3457,3570,3589,3978,3222,94.0,92.6,1,0,0,210,6,6,3.27,3.82,3.82,92,1538548192,2,2025-10-29,10/26/2025 - 10/29/2025,2025-10-28,17:22:23.000,2025-10-27,-1,WM,PRIVATE FLEET ADMIN,COLLECT,7045,34.34,663,537,0,,0,0,0,1,683.02
39,1005,203,2606,2550,2673,2994,2994,94.0,90.2,1,1,1,282,8,6,2.15,2.57,2.57,66,1538548192,3,2025-10-30,10/27/2025 - 10/30/2025,2025-10-27,18:18:04.000,2025-10-24,-3,WENP,WERNER ENTERPRISES INC,PREPAID,6025,25.24,499,499,0,,0,0,1,0,0.0
39,1008,204,5504,5775,5392,6330,6330,90.0,88.4,0,1,0,770,11,10,4.92,2.03,-2.03,248,1538548193,1,2025-11-02,10/30/2025 - 11/02/2025,2025-11-03,17:00:22.000,2025-11-01,1,CTII,CENTRAL TRANSPORT,PREPAID,7045,72.71,633,633,0,,0,0,0,1,1380.76
39,1009,204,4410,4462,4286,5072,4368,90.0,90.2,1,0,0,512,9,10,1.18,2.81,-2.81,191,1538548193,2,2025-11-01,10/29/2025 - 11/01/2025,2025-10-29,10:07:12.000,2025-10-27,-3,SCDS,SCHNEIDER NATIONAL CARRIERS INC,PREPAID,6070,33.97,634,546,0,43-No Product Availability(Supplier),0,0,0,1,646.11
39,1010,205,5154,5225,5210,5930,3580,92.0,87.7,1,0,0,580,7,8,1.38,1.09,1.09,179,1538548194,1,2025-10-30,10/27/2025 - 10/30/2025,2025-10-30,13:56:22.000,2025-10-28,0,HJBT,J B HUNT TRANSPORT INC,PREPAID,6039,66.81,593,358,0,51-Item Setup Issue(Supplier),0,0,0,1,1188.55
40,1001,201,8690,8640,8345,9992,7936,96.0,90.2,1,0,0,776,4,5,0.58,3.97,-3.97,185,1538548195,1,2025-11-04,11/01/2025 - 11/04/2025,2025-11-01,16:00:44.000,2025-10-31,-3,WENP,WERNER ENTERPRISES INC,PREPAID,6092,38.35,2498,1984,0,,0,0,0,1,2873.95
40,1002,201,5858,5760,5757,6738,6738,96.0,95.5,1,1,1,138,7,5,1.67,1.72,-1.72,123,1538548195,2,2025-11-05,11/02/2025 - 11/05/2025,2025-11-02,08:23:34.000,2025-10-31,-3,WM,PRIVATE FLEET ADMIN,COLLECT,7038,30.74,1123,1123,0,,0,0,1,0,0.0
40,1006,202,8524,8800,8544,9804,9804,94.0,90.4,1,1,1,900,8,7,3.24,0.23,0.23,264,1538548196,1,2025-11-05,11/02/2025 - 11/05/2025,2025-11-03,13:16:04.000,2025-11-02,-2,WM,PRIVATE FLEET ADMIN,COLLECT,6048,131.29,817,817,0,,0,0,1,0,0.0
40,1007,202,6547,6600,6479,7528,7528,94.0,89.7,1,1,1,728,7,7,0.81,1.04,-1.04,198,1538548196,2,2025-11-05,11/02/2025 - 11/05/2025,2025-11-04,09:20:39.000,2025-11-03,-1,CRCR,CRETE CARRIER CORPORATION,PREPAID,6080,41.44,941,941,0,,0,0,1,0,0.0
40,1003,203,4820,4725,4701,5544,5544,94.0,93.4,1,1,1,258,6,6,1.97,2.47,-2.47,122,1538548197,1,2025-11-04,11/01/2025 - 11/04/2025,2025-11-02,15:30:45.000,2025-10-31,-2,WENP,WERNER ENTERPRISES INC,PREPAID,6025,38.27,924,924,0,47-Incorrect Labeling(Supplier),0,0,1,0,0.0
40,1004,203,3542,3675,3468,4074,4074,94.0,90.0,0,1,0,234,5,6,3.75,2.09,-2.09,94,1538548197,2,2025-11-05,11/02/2025 - 11/05/2025,2025-11-10,09:10:51.000,2025-11-08,5,WENP,WERNER ENTERPRISES INC,PREPAID,7026,35.56,679,679,0,,0,0,0,1,724.36
40,1005,203,2738,2625,2736,3150,2640,94.0,94.5,1,0,0,198,8,6,4.13,0.07,-0.07,68,1538548197,3,2025-11-05,11/02/2025 - 11/05/2025,2025-11-04,08:06:50.000,2025-11-01,-1,SWFT,SWIFT TRANSPORTATION CO OF ARIZONA LLC,PREPAID,6025,26.49,525,440,0,,0,0,0,1,417.22
40,1008,204,5722,5940,5811,6580,6040,90.0,91.7,1,0,0,900,9,10,3.81,1.56,1.56,255,1538548198,1,2025-11-10,11/07/2025 - 11/10/2025,2025-11-07,17:50:42.000,2025-11-04,-3,HJBT,J B HUNT TRANSPORT INC,PREPAID,6068,73.52,658,604,0,,0,0,0,1,1451.28
40,1009,204,4376,4590,4298,5032,5032,90.0,85.8,1,1,1,424,9,10,4.89,1.78,-1.78,197,1538548198,2,2025-11-10,11/07/2025 - 11/10/2025,2025-11-07,15:04:04.000,2025-11-05,-3,SWFT,SWIFT TRANSPORTATION CO OF ARIZONA LLC,PREPAID,7035,34.77,629,629,0,49-System Issue,1,0,0,0,0.0
40,1010,205,5040,5130,5119,5800,5800,92.0,91.9,1,1,1,680,7,8,1.79,1.57,1.57,176,1538548199,1,2025-11-08,11/05/2025 - 11/08/2025,2025-11-07,19:53:31.000,2025-11-06,-1,SWFT,SWIFT TRANSPORTATION CO OF ARIZONA LLC,PREPAID,6030,63.89,580,580,0,,0,0,1,0,0.0
41,1001,201,8980,8820,9096,10328,6892,96.0,90.6,0,0,0,324,6,5,1.78,1.29,1.29,189,1538548200,1,2025-11-11,11/08/2025 - 11/11/2025,2025-11-14,13:09:37.000,2025-11-13,3,HJBT,J B HUNT TRANSPORT INC,PREPAID,6039,37.41,2582,1723,0,,0,1,0,0,0.0
41,1002,201,5818,5880,5861,6690,6690,96.0,93.4,1,1,1,480,5,5,1.07,0.74,0.74,126,1538548200,2,2025-11-11,11/08/2025 - 11/11/2025,2025-11-10,17:16:30.000,2025-11-09,-1,HJBT,J B HUNT TRANSPORT INC,PREPAID,7045,30.93,1115,1115,0,,0,0,1,0,0.0
41,1006,202,9373,9000,9570,10776,10776,94.0,95.5,1,1,1,960,6,7,3.98,2.1,2.1,270,1538548201,1,2025-11-14,11/11/2025 - 11/14/2025,2025-11-14,13:39:24.000,2025-11-13,0,WM,PRIVATE FLEET ADMIN,COLLECT,6048,126.03,898,898,0,,0,0,1,0,0.0
41,1007,202,6461,6750,6590,7432,7432,94.0,91.8,1,1,1,648,8,7,4.47,2.0,2.0,202,1538548201,2,2025-11-14,11/11/2025 - 11/14/2025,2025-11-14,14:01:14.000,2025-11-13,0,WM,PRIVATE FLEET ADMIN,COLLECT,6048,41.21,929,929,0,,0,0,1,0,0.0
41,1003,203,4795,4860,4976,5514,3780,94.0,95.9,1,0,0,222,5,6,1.36,3.77,3.77,125,1538548202,1,2025-11-12,11/09/2025 - 11/12/2025,2025-11-12,07:02:48.000,2025-11-09,0,PRIJ,PRIME INC,PREPAID,7026,38.32,919,630,0,,0,0,0,1,1056.48
41,1004,203,3706,3780,3623,4260,4260,94.0,91.7,1,1,1,414,6,6,2.0,2.24,-2.24,97,1538548202,2,2025-11-13,11/10/2025 - 11/13/2025,2025-11-12,09:03:13.000,2025-11-10,-1,WENP,WERNER ENTERPRISES INC,PREPAID,6070,33.82,710,710,0,,0,0,1,0,0.0
41,1005,203,2578,2700,2513,2964,2964,94.0,93.0,1,1,1,294,6,6,4.73,2.52,-2.52,69,1538548202,3,2025-11-11,11/08/2025 - 11/11/2025,2025-11-09,14:40:24.000,2025-11-06,-2,WENP,WERNER ENTERPRISES INC,PREPAID,6070,25.28,494,494,0,,0,0,1,0,0.0
41,1008,204,5935,6160,6155,6830,4860,90.0,85.2,1,0,0,670,12,10,3.79,3.71,3.71,264,1538548203,1,2025-11-16,11/13/2025 - 11/16/2025,2025-11-16,15:54:49.000,2025-11-15,0,WENP,WERNER ENTERPRISES INC,PREPAID,6030,69.93,683,486,0,,0,0,0,1,1432.87
41,1009,204,4885,4760,4789,5616,4152,90.0,90.0,1,0,0,552,12,10,2.56,1.97,-1.97,204,1538548203,2,2025-11-17,11/14/2025 - 11/17/2025,2025-11-15,15:20:35.000,2025-11-14,-2,CTII,CENTRAL TRANSPORT,PREPAID,6030,34.68,702,519,0,59-DC/FC Capacity Related(On Time Impact),1,0,0,0,0.0
41,1010,205,4914,4988,4986,5650,5650,92.0,91.0,1,1,1,530,7,8,1.51,1.47,1.47,171,1538548204,1,2025-11-14,11/11/2025 - 11/14/2025,2025-11-13,17:26:39.000,2025-11-12,-1,WENP,WERNER ENTERPRISES INC,PREPAID,7033,63.77,565,565,0,43-No Product Availability(Supplier),0,0,1,0,0.0
42,1001,201,8958,9000,8899,10300,10300,96.0,90.0,1,1,1,464,7,5,0.47,0.66,-0.66,193,1538548205,1,2025-11-17,11/14/2025 - 11/17/2025,2025-11-17,07:53:12.000,2025-11-16,0,JBR,J B HUNT TRANSPORT INC,PREPAID,6039,38.88,2575,2575,0,,0,0,1,0,0.0
42,1002,201,5960,6000,6065,6852,6852,96.0,91.8,1,1,1,492,4,5,0.67,1.76,1.76,129,1538548205,2,2025-11-18,11/15/2025 - 11/18/2025,2025-11-16,10:31:30.000,2025-11-14,-2,HJBT,J B HUNT TRANSPORT INC,PREPAID,7026,30.48,1142,1142,0,,0,0,1,0,0.0
42,1006,202,9402,9200,9193,10812,10812,94.0,95.6,0,1,0,576,6,7,2.15,2.22,-2.22,276,1538548206,1,2025-11-20,11/17/2025 - 11/20/2025,2025-11-21,17:33:10.000,2025-11-20,1,WM,PRIVATE FLEET ADMIN,COLLECT,6080,126.99,901,901,0,,0,0,0,1,3432.54
42,1007,202,7242,6900,7171,8328,8328,94.0,95.5,1,1,1,704,6,7,4.72,0.98,-0.98,207,1538548206,2,2025-11-20,11/17/2025 - 11/20/2025,2025-11-18,15:14:16.000,2025-11-16,-2,WM,PRIVATE FLEET ADMIN,COLLECT,6023,40.95,1041,1041,0,,0,0,1,0,0.0
42,1003,203,4851,4950,4822,5580,3462,94.0,90.0,1,0,0,402,6,6,2.04,0.6,-0.6,127,1538548207,1,2025-11-19,11/16/2025 - 11/19/2025,2025-11-16,13:17:54.000,2025-11-15,-3,WENP,WERNER ENTERPRISES INC,PREPAID,7039,40.09,930,577,0,,0,0,0,1,1118.51
42,1004,203,4010,3850,4009,4614,3054,94.0,90.4,1,0,0,390,5,6,3.99,0.02,-0.02,99,1538548207,2,2025-11-18,11/15/2025 - 11/18/2025,2025-11-15,14:24:39.000,2025-11-13,-3,SCDS,SCHNEIDER NATIONAL CARRIERS INC,PREPAID,6070,35.26,769,509,0,,0,0,0,1,813.45
42,1005,203,2758,2750,2685,3174,3174,94.0,88.9,1,1,1,264,6,6,0.29,2.65,-2.65,71,1538548207,3,2025-11-19,11/16/2025 - 11/19/2025,2025-11-17,16:13:59.000,2025-11-14,-2,WENP,WERNER ENTERPRISES INC,PREPAID,6070,25.21,529,529,0,,0,0,1,0,0.0
42,1008,204,6205,6325,6180,7140,7140,90.0,90.5,1,1,1,980,11,10,1.93,0.4,-0.4,271,1538548208,1,2025-11-23,11/20/2025 - 11/23/2025,2025-11-21,15:24:49.000,2025-11-20,-2,SCDS,SCHNEIDER NATIONAL CARRIERS INC,PREPAID,6043,74.26,714,714,0,,0,0,1,0,0.0
42,1009,204,5093,4887,4999,5856,3992,90.0,87.8,1,0,0,504,11,10,4.04,1.85,-1.85,209,1538548208,2,2025-11-24,11/21/2025 - 11/24/2025,2025-11-21,11:51:29.000,2025-11-19,-3,CTII,CENTRAL TRANSPORT,PREPAID,6068,35.33,732,499,0,47-Incorrect Labeling(Supplier),0,0,0,1,775.85
42,1010,205,5028,4845,5099,5780,5780,92.0,90.3,1,1,1,390,7,8,3.64,1.41,1.41,166,1538548209,1,2025-11-21,11/18/2025 - 11/21/2025,2025-11-21,09:20:43.000,2025-11-18,0,SWFT,SWIFT TRANSPORTATION CO OF ARIZONA LLC,PREPAID,7035,63.5,578,578,0,49-System Issue,1,0,0,0,0.0
43,1001,201,9368,9180,9065,10772,10772,96.0,90.9,1,1,1,836,5,5,2.01,3.23,-3.23,197,1538548210,1,2025-11-26,11/23/2025 - 11/26/2025,2025-11-23,08:45:48.000,2025-11-22,-3,JBR,J B HUNT TRANSPORT INC,PREPAID,6039,36.45,2693,2693,0,,0,0,1,0,0.0
43,1002,201,5902,6120,5893,6786,6786,96.0,93.5,1,1,1,432,5,5,3.69,0.15,-0.15,131,1538548210,2,2025-11-24,11/21/2025 - 11/24/2025,2025-11-23,13:20:34.000,2025-11-22,-1,HJBT,J B HUNT TRANSPORT INC,PREPAID,7045,30.44,1131,1131,0,59-DC/FC Capacity Related(On Time Impact),1,0,0,0,0.0
43,1006,202,9830,9500,9691,11304,11304,94.0,92.4,1,1,1,1080,6,7,3.36,1.41,-1.41,285,1538548211,1,2025-11-26,11/23/2025 - 11/26/2025,2025-11-25,15:31:29.000,2025-11-24,-1,WM,PRIVATE FLEET ADMIN,COLLECT,6035,127.15,942,942,0,,0,0,1,0,0.0
43,1007,202,7361,7125,7486,8464,5248,94.0,94.9,1,0,0,608,9,7,3.21,1.7,1.7,214,1538548211,2,2025-11-26,11/23/2025 - 11/26/2025,2025-11-25,12:38:48.000,2025-11-23,-1,SCDS,SCHNEIDER NATIONAL CARRIERS INC,PREPAID,7035,41.36,1058,656,0,,0,0,0,1,1312.77
43,1003,203,4887,5040,4693,5622,5622,94.0,92.0,1,1,1,480,7,6,3.13,3.97,-3.97,130,1538548212,1,2025-11-25,11/22/2025 - 11/25/2025,2025-11-25,17:40:46.000,2025-11-23,0,WENP,WERNER ENTERPRISES INC,PREPAID,6025,38.64,937,937,0,,0,0,1,0,0.0
43,1004,203,4021,3920,4109,4626,3342,94.0,91.8,1,0,0,282,7,6,2.51,2.19,2.19,101,1538548212,2,2025-11-27,11/24/2025 - 11/27/2025,2025-11-27,07:20:12.000,2025-11-24,0,CRCR,CRETE CARRIER CORPORATION,PREPAID,6043,35.66,771,557,0,,0,0,0,1,824.82
43,1005,203,2710,2800,2605,3114,3114,94.0,96.0,1,1,1,306,8,6,3.32,3.87,-3.87,72,1538548212,3,2025-11-26,11/23/2025 - 11/26/2025,2025-11-24,19:20:07.000,2025-11-22,-2,WENP,WERNER ENTERPRISES INC,PREPAID,6070,26.09,519,519,0,,0,0,1,0,0.0
43,1008,204,6581,6490,6504,7570,7570,90.0,90.9,1,1,1,620,10,10,1.38,1.17,-1.17,278,1538548213,1,2025-11-29,11/26/2025 - 11/29/2025,2025-11-29,19:39:45.000,2025-11-27,0,SCDS,SCHNEIDER NATIONAL CARRIERS INC,PREPAID,6068,70.7,757,757,0,,0,0,1,0,0.0
43,1009,204,5145,5015,5005,5920,4104,90.0,88.5,1,0,0,536,10,10,2.53,2.72,-2.72,215,1538548213,2,2025-11-30,11/27/2025 - 11/30/2025,2025-11-28,12:22:43.000,2025-11-27,-2,JBR,J B HUNT TRANSPORT INC,PREPAID,6030,33.77,740,513,0,,0,0,0,1,749.69
43,1010,205,4745,4750,4909,5460,3500,92.0,89.2,0,0,0,640,8,8,0.11,3.46,3.46,163,1538548214,1,2025-11-29,11/26/2025 - 11/29/2025,2025-12-01,16:21:21.000,2025-11-30,2,SWFT,SWIFT TRANSPORTATION CO OF ARIZONA LLC,PREPAID,6094,65.38,546,350,0,,0,0,0,1,1070.92
44,1001,201,9816,9450,9816,11288,11288,96.0,97.6,1,1,1,520,4,5,3.73,0.0,0.0,202,1538548215,1,2025-12-03,11/30/2025 - 12/03/2025,2025-12-03,16:24:21.000,2025-12-02,0,HJBT,J B HUNT TRANSPORT INC,PREPAID,6039,38.29,2822,2822,0,,0,0,1,0,0.0
44,1002,201,6311,6300,6213,7260,7260,96.0,93.6,1,1,1,324,5,5,0.17,1.55,-1.55,135,1538548215,2,2025-12-03,11/30/2025 - 12/03/2025,2025-12-02,17:28:12.000,2025-12-01,-1,HJBT,J B HUNT TRANSPORT INC,PREPAID,6039,30.91,1210,1210,0,,0,0,1,0,0.0
44,1006,202,10056,9800,9784,11568,10116,94.0,90.4,1,0,0,864,9,7,2.55,2.7,-2.7,294,1538548216,1,2025-12-03,11/30/2025 - 12/03/2025,2025-12-01,07:01:28.000,2025-11-30,-2,PRIJ,PRIME INC,PREPAID,6054,128.22,964,843,0,,0,0,0,1,3708.12
44,1007,202,6986,7350,7200,8032,5624,94.0,89.1,1,0,0,464,9,7,5.21,3.06,3.06,220,1538548216,2,2025-12-04,12/01/2025 - 12/04/2025,2025-12-03,10:14:51.000,2025-12-02,-1,WM,PRIVATE FLEET ADMIN,COLLECT,6054,39.6,1004,703,0,51-Item Setup Issue(Supplier),0,0,0,1,1192.75
44,1003,203,4926,4950,4881,5664,5664,94.0,92.8,1,1,1,360,7,6,0.49,0.91,-0.91,127,1538548217,1,2025-12-03,11/30/2025 - 12/03/2025,2025-12-02,16:49:30.000,2025-12-01,-1,WENP,WERNER ENTERPRISES INC,PREPAID,7026,37.72,944,944,0,,0,1,0,0,0.0
44,1004,203,3823,3850,3883,4398,4398,94.0,88.4,1,1,1,306,8,6,0.71,1.57,1.57,99,1538548217,2,2025-12-03,11/30/2025 - 12/03/2025,2025-12-01,08:22:23.000,2025-11-28,-2,WENP,WERNER ENTERPRISES INC,PREPAID,6025,35.1,733,733,0,,0,0,1,0,0.0
44,1005,203,2669,2750,2747,3072,3072,94.0,89.3,1,1,1,204,7,6,3.03,2.92,2.92,71,1538548217,3,2025-12-04,12/01/2025 - 12/04/2025,2025-12-04,17:12:21.000,2025-12-01,0,WENP,WERNER ENTERPRISES INC,PREPAID,6025,25.21,512,512,0,,0,0,1,0,0.0
44,1008,204,6726,6600,6703,7730,7730,90.0,90.3,1,1,1,660,12,10,1.87,0.34,-0.34,283,1538548218,1,2025-12-06,12/03/2025 - 12/06/2025,2025-12-06,16:36:32.000,2025-12-03,0,BYLR,BAYLOR TRUCKING INC,PREPAID,6068,71.89,773,773,0,,0,0,1,0,0.0
44,1009,204,5189,5100,5204,5968,4360,90.0,91.8,1,0,0,648,10,10,1.72,0.29,0.29,219,1538548218,2,2025-12-08,12/05/2025 - 12/08/2025,2025-12-07,13:02:53.000,2025-12-04,-1,SWFT,SWIFT TRANSPORTATION CO OF ARIZONA LLC,PREPAID,6068,34.87,746,545,0,,0,0,0,1,780.39
44,1010,205,4945,4845,5131,5690,5690,92.0,86.6,1,1,1,400,8,8,2.02,3.76,3.76,166,1538548219,1,2025-12-06,12/03/2025 - 12/06/2025,2025-12-03,08:22:28.000,2025-12-02,-3,SWFT,SWIFT TRANSPORTATION CO OF ARIZONA LLC,PREPAID,6094,66.99,569,569,0,,0,0,1,0,0.0
45,1001,201,10249,9900,10518,11788,11788,96.0,95.4,1,1,1,484,4,5,3.41,2.62,2.62,212,1538548220,1,2025-12-09,12/06/2025 - 12/09/2025,2025-12-06,19:38:43.000,2025-12-03,-3,JBR,J B HUNT TRANSPORT INC,PREPAID,7045,37.12,2947,2947,0,,0,0,1,0,0.0
45,1002,201,6310,6600,6303,7254,7254,96.0,95.9,1,1,1,234,4,5,4.6,0.11,-0.11,141,1538548220,2,2025-12-10,12/07/2025 - 12/10/2025,2025-12-10,14:36:46.000,2025-12-09,0,HJBT,J B HUNT TRANSPORT INC,PREPAID,6092,29.8,1209,1209,0,,0,0,1,0,0.0
45,1006,202,10265,10000,9913,11808,11808,94.0,93.7,1,1,1,612,8,7,2.58,3.43,-3.43,300,1538548221,1,2025-12-11,12/08/2025 - 12/11/2025,2025-12-11,13:41:57.000,2025-12-08,0,SWFT,SWIFT TRANSPORTATION CO OF ARIZONA LLC,PREPAID,6048,131.62,984,984,0,,0,0,1,0,0.0
45,1007,202,7581,7500,7308,8720,5752,94.0,93.5,1,0,0,352,6,7,1.07,3.6,-3.6,225,1538548221,2,2025-12-10,12/07/2025 - 12/10/2025,2025-12-07,13:00:43.000,2025-12-05,-3,CRCR,CRETE CARRIER CORPORATION,PREPAID,6023,40.76,1090,719,0,,0,0,0,1,1332.85
45,1003,203,4623,4860,4768,5316,4584,94.0,93.3,1,0,0,348,5,6,5.13,3.14,3.14,125,1538548222,1,2025-12-10,12/07/2025 - 12/10/2025,2025-12-07,10:02:00.000,2025-12-04,-3,WENP,WERNER ENTERPRISES INC,PREPAID,6025,38.57,886,764,0,,0,0,0,1,1025.19
45,1004,203,3642,3780,3536,4188,3336,94.0,94.3,1,0,0,402,5,6,3.79,2.91,-2.91,97,1538548222,2,2025-12-09,12/06/2025 - 12/09/2025,2025-12-07,09:39:34.000,2025-12-04,-2,BYLR,BAYLOR TRUCKING INC,PREPAID,6070,35.69,698,556,0,,0,0,0,1,747.35
45,1005,203,2785,2700,2728,3204,3204,94.0,92.8,1,1,1,306,8,6,3.05,2.05,-2.05,69,1538548222,3,2025-12-10,12/07/2025 - 12/10/2025,2025-12-09,15:33:42.000,2025-12-08,-1,WM,PRIVATE FLEET ADMIN,COLLECT,6070,26.59,534,534,0,,0,0,1,0,0.0
45,1008,204,6384,6710,6135,7340,7340,90.0,89.4,1,1,1,720,9,10,5.11,3.9,-3.9,288,1538548223,1,2025-12-15,12/12/2025 - 12/15/2025,2025-12-13,14:09:20.000,2025-12-10,-2,SCDS,SCHNEIDER NATIONAL CARRIERS INC,PREPAID,7035,70.91,734,734,0,51-Item Setup Issue(Supplier),0,0,1,0,0.0
45,1009,204,5418,5185,5273,6232,4560,90.0,91.8,1,0,0,872,9,10,4.3,2.68,-2.68,222,1538548223,2,2025-12-15,12/12/2025 - 12/15/2025,2025-12-14,19:38:26.000,2025-12-12,-1,SCDS,SCHNEIDER NATIONAL CARRIERS INC,PREPAID,7026,34.0,779,570,0,,0,0,0,1,794.58
45,1010,205,5161,4988,5184,5940,4180,92.0,93.1,0,0,0,670,8,8,3.35,0.45,0.45,171,1538548224,1,2025-12-11,12/08/2025 - 12/11/2025,2025-12-14,16:01:40.000,2025-12-13,3,SWFT,SWIFT TRANSPORTATION CO OF ARIZONA LLC,PREPAID,6094,65.09,594,418,0,,0,0,0,1,1159.9
46,1001,201,9935,10350,9900,11424,11424,96.0,94.7,1,1,1,768,4,5,4.18,0.35,-0.35,222,1538548225,1,2025-12-15,12/12/2025 - 12/15/2025,2025-12-14,18:08:51.000,2025-12-13,-1,CTII,CENTRAL TRANSPORT,PREPAID,6039,38.32,2856,2856,0,,0,0,1,0,0.0
46,1002,201,6723,6900,6809,7734,7734,96.0,90.4,1,1,1,270,4,5,2.63,1.28,1.28,148,1538548225,2,2025-12-15,12/12/2025 - 12/15/2025,2025-12-14,09:21:41.000,2025-12-11,-1,JBR,J B HUNT TRANSPORT INC,PREPAID,6092,29.37,1289,1289,0,,0,0,1,0,0.0
46,1006,202,10023,10200,9980,11532,11532,94.0,92.2,1,1,1,1092,9,7,1.77,0.43,-0.43,306,1538548226,1,2025-12-18,12/15/2025 - 12/18/2025,2025-12-17,15:57:53.000,2025-12-16,-1,CTII,CENTRAL TRANSPORT,PREPAID,6023,131.98,961,961,0,,0,1,0,0,0.0
46,1007,202,7273,7650,7373,8360,7024,94.0,91.0,1,0,0,760,7,7,5.18,1.37,1.37,230,1538548226,2,2025-12-18,12/15/2025 - 12/18/2025,2025-12-18,17:16:13.000,2025-12-17,0,WENP,WERNER ENTERPRISES INC,PREPAID,6035,40.84,1045,878,0,,0,0,0,1,1280.33
46,1003,203,4882,4725,4705,5616,4908,94.0,89.2,1,0,0,288,7,6,3.22,3.63,-3.63,122,1538548227,1,2025-12-16,12/13/2025 - 12/16/2025,2025-12-13,19:56:33.000,2025-12-12,-3,SWFT,SWIFT TRANSPORTATION CO OF ARIZONA LLC,PREPAID,6070,38.3,936,818,0,,0,0,0,1,1075.46
46,1004,203,3587,3675,3661,4128,3618,94.0,92.2,0,0,0,288,8,6,2.45,2.06,2.06,94,1538548227,2,2025-12-18,12/15/2025 - 12/18/2025,2025-12-20,10:56:19.000,2025-12-19,2,SWFT,SWIFT TRANSPORTATION CO OF ARIZONA LLC,PREPAID,7026,35.1,688,603,0,,0,0,0,1,724.46
46,1005,203,2545,2625,2587,2928,2928,94.0,92.0,1,1,1,252,5,6,3.14,1.65,1.65,68,1538548227,3,2025-12-17,12/14/2025 - 12/17/2025,2025-12-15,16:15:50.000,2025-12-14,-2,WENP,WERNER ENTERPRISES INC,PREPAID,7026,26.76,488,488,0,,0,0,1,0,0.0
46,1008,204,7079,6875,7020,8140,5460,90.0,89.8,1,0,0,910,12,10,2.88,0.83,-0.83,295,1538548228,1,2025-12-21,12/18/2025 - 12/21/2025,2025-12-21,12:05:55.000,2025-12-20,0,SCDS,SCHNEIDER NATIONAL CARRIERS INC,PREPAID,6012,70.02,814,546,0,,0,0,0,1,1709.89
46,1009,204,5187,5312,4989,5968,5968,90.0,86.3,1,1,1,832,10,10,2.41,3.82,-3.82,228,1538548228,2,2025-12-21,12/18/2025 - 12/21/2025,2025-12-21,08:36:57.000,2025-12-19,0,SCDS,SCHNEIDER NATIONAL CARRIERS INC,PREPAID,7045,34.2,746,746,0,,0,0,1,0,0.0
46,1010,205,5262,5130,5365,6050,4280,92.0,91.1,1,0,0,640,7,8,2.51,1.96,1.96,176,1538548229,1,2025-12-18,12/15/2025 - 12/18/2025,2025-12-17,09:46:03.000,2025-12-14,-1,WM,PRIVATE FLEET ADMIN,COLLECT,7033,64.76,605,428,0,,0,0,0,1,1175.39
47,1001,201,10632,10800,10222,12228,12228,96.0,94.0,1,1,1,348,4,5,1.58,3.86,-3.86,231,1538548230,1,2025-12-22,12/19/2025 - 12/22/2025,2025-12-21,09:09:23.000,2025-12-19,-1,HJBT,J B HUNT TRANSPORT INC,PREPAID,6069,38.65,3057,3057,0,,0,0,1,0,0.0
47,1002,201,7528,7200,7532,8658,8658,96.0,94.8,1,1,1,594,6,5,4.36,0.05,0.05,154,1538548230,2,2025-12-22,12/19/2025 - 12/22/2025,2025-12-21,11:34:25.000,2025-12-20,-1,HJBT,J B HUNT TRANSPORT INC,PREPAID,6039,31.29,1443,1443,0,,0,0,1,0,0.0
47,1006,202,10990,10500,11363,12636,12636,94.0,88.6,1,1,1,636,6,7,4.46,3.39,3.39,315,1538548231,1,2025-12-24,12/21/2025 - 12/24/2025,2025-12-21,10:37:20.000,2025-12-20,-3,WM,PRIVATE FLEET ADMIN,COLLECT,6023,129.74,1053,1053,0,,0,0,1,0,0.0
47,1007,202,7936,7875,7642,9128,5552,94.0,90.8,1,0,0,584,6,7,0.77,3.7,-3.7,236,1538548231,2,2025-12-24,12/21/2025 - 12/24/2025,2025-12-23,11:39:38.000,2025-12-20,-1,WM,PRIVATE FLEET ADMIN,COLLECT,6068,41.12,1141,694,0,,0,0,0,1,1407.54
47,1003,203,4510,4590,4348,5184,5184,94.0,93.0,1,1,1,462,5,6,1.77,3.59,-3.59,118,1538548232,1,2025-12-25,12/22/2025 - 12/25/2025,2025-12-23,10:09:37.000,2025-12-21,-2,PRIJ,PRIME INC,PREPAID,6070,39.1,864,864,0,,0,0,1,0,0.0
47,1004,203,3668,3570,3732,4218,4218,94.0,88.6,1,1,1,420,8,6,2.67,1.74,1.74,92,1538548232,2,2025-12-25,12/22/2025 - 12/25/2025,2025-12-22,19:03:59.000,2025-12-19,-3,WENP,WERNER ENTERPRISES INC,PREPAID,6070,34.76,703,703,0,,0,0,1,0,0.0
47,1005,203,2524,2550,2580,2904,2904,94.0,92.0,1,1,1,204,8,6,1.03,2.22,2.22,66,1538548232,3,2025-12-23,12/20/2025 - 12/23/2025,2025-12-21,14:44:19.000,2025-12-19,-2,WENP,WERNER ENTERPRISES INC,PREPAID,6070,25.57,484,484,0,,0,0,1,0,0.0
47,1008,204,7084,7040,7178,8150,5000,90.0,86.7,0,0,0,1080,11,10,0.62,1.33,1.33,302,1538548233,1,2025-12-28,12/25/2025 - 12/28/2025,2026-01-02,06:54:06.000,2026-01-01,5,SCDS,SCHNEIDER NATIONAL CARRIERS INC,PREPAID,6030,70.87,815,500,0,,0,0,0,1,1732.77
47,1009,204,5554,5440,5511,6384,5304,90.0,91.6,1,0,0,768,9,10,2.05,0.77,-0.77,233,1538548233,2,2025-12-27,12/24/2025 - 12/27/2025,2025-12-24,09:28:13.000,2025-12-21,-3,JBR,J B HUNT TRANSPORT INC,PREPAID,7039,34.12,798,663,0,,0,0,0,1,816.83
47,1010,205,5156,5320,5106,5930,4800,92.0,87.8,1,0,0,490,8,8,3.18,0.97,-0.97,182,1538548234,1,2025-12-27,12/24/2025 - 12/27/2025,2025-12-24,08:23:36.000,2025-12-21,-3,SWFT,SWIFT TRANSPORTATION CO OF ARIZONA LLC,PREPAID,7039,65.29,593,480,0,,0,0,0,1,1161.51
48,1001,201,10430,10620,10646,11996,7536,96.0,93.6,1,0,0,648,7,5,1.82,2.07,2.07,228,1538548235,1,2025-12-31,12/28/2025 - 12/31/2025,2025-12-28,15:54:51.000,2025-12-27,-3,SWFT,SWIFT TRANSPORTATION CO OF ARIZONA LLC,PREPAID,7026,36.39,2999,1884,0,59-DC/FC Capacity Related(On Time Impact),1,0,0,0,0.0
48,1002,201,6774,7080,6981,7788,7788,96.0,94.7,1,1,1,432,7,5,4.52,3.06,3.06,152,1538548235,2,2025-12-30,12/27/2025 - 12/30/2025,2025-12-30,09:55:23.000,2025-12-27,0,HJBT,J B HUNT TRANSPORT INC,PREPAID,7034,31.17,1298,1298,0,,0,0,1,0,0.0
48,1006,202,10869,10800,10437,12504,12504,94.0,88.3,0,1,0,804,8,7,0.63,3.97,-3.97,324,1538548236,1,2026-01-02,12/30/2025 - 01/02/2026,2026-01-06,07:29:17.000,2026-01-04,4,PRIJ,PRIME INC,PREPAID,6023,127.15,1042,1042,0,51-Item Setup Issue(Supplier),0,0,0,1,3974.71
48,1007,202,8491,8100,8544,9768,6360,94.0,91.0,1,0,0,720,6,7,4.6,0.62,0.62,243,1538548236,2,2025-12-31,12/28/2025 - 12/31/2025,2025-12-28,08:30:59.000,2025-12-26,-3,SWFT,SWIFT TRANSPORTATION CO OF ARIZONA LLC,PREPAID,6035,39.65,1221,795,0,,0,0,0,1,1452.38
48,1003,203,4712,4725,4638,5418,5418,94.0,92.3,0,1,0,420,6,6,0.28,1.57,-1.57,122,1538548237,1,2025-12-31,12/28/2025 - 12/31/2025,2026-01-05,17:18:48.000,2026-01-03,5,WENP,WERNER ENTERPRISES INC,PREPAID,6025,39.07,903,903,0,,0,0,0,1,1058.41
48,1004,203,3569,3675,3503,4104,4104,94.0,90.5,1,1,1,336,8,6,2.97,1.85,-1.85,94,1538548237,2,2025-12-30,12/27/2025 - 12/30/2025,2025-12-29,19:18:21.000,2025-12-27,-1,WENP,WERNER ENTERPRISES INC,PREPAID,6070,35.17,684,684,0,,0,0,1,0,0.0
48,1005,203,2664,2625,2620,3066,3066,94.0,93.9,1,1,1,270,6,6,1.46,1.65,-1.65,68,1538548237,3,2025-12-30,12/27/2025 - 12/30/2025,2025-12-29,13:44:11.000,2025-12-28,-1,WENP,WERNER ENTERPRISES INC,PREPAID,6070,25.25,511,511,0,49-System Issue,1,0,0,0,0.0
48,1008,204,6931,7150,7139,7970,7970,90.0,89.3,1,1,1,1080,11,10,3.16,3.0,3.0,306,1538548238,1,2026-01-04,01/01/2026 - 01/04/2026,2026-01-04,19:57:37.000,2026-01-01,0,HJBT,J B HUNT TRANSPORT INC,PREPAID,6092,71.37,797,797,0,,0,0,1,0,0.0
48,1009,204,5373,5525,5324,6176,4600,90.0,91.7,1,0,0,784,12,10,2.83,0.91,-0.91,237,1538548238,2,2026-01-03,12/31/2025 - 01/03/2026,2026-01-01,10:30:35.000,2025-12-30,-2,SCDS,SCHNEIDER NATIONAL CARRIERS INC,PREPAID,6068,35.75,772,575,0,,0,0,0,1,827.97
48,1010,205,5489,5462,5357,6310,5340,92.0,88.6,1,0,0,660,9,8,0.49,2.4,-2.4,187,1538548239,1,2026-01-03,12/31/2025 - 01/03/2026,2026-01-03,08:47:44.000,2026-01-02,0,SWFT,SWIFT TRANSPORTATION CO OF ARIZONA LLC,PREPAID,6094,63.97,631,534,0,,0,0,0,1,1210.95
49,1001,201,10785,10350,10455,12404,12404,96.0,92.3,1,1,1,876,5,5,4.03,3.06,-3.06,222,1538548240,1,2026-01-05,01/02/2026 - 01/05/2026,2026-01-03,09:29:54.000,2025-12-31,-2,HJBT,J B HUNT TRANSPORT INC,PREPAID,6039,37.13,3101,3101,0,47-Incorrect Labeling(Supplier),0,0,1,0,0.0
49,1002,201,7035,6900,7082,8088,8088,96.0,97.5,1,1,1,582,7,5,1.92,0.67,0.67,148,1538548240,2,2026-01-06,01/03/2026 - 01/06/2026,2026-01-06,06:54:32.000,2026-01-03,0,HJBT,J B HUNT TRANSPORT INC,PREPAID,7045,31.02,1348,1348,0,,0,0,1,0,0.0
49,1006,202,9984,10500,9784,11484,11484,94.0,91.1,0,1,0,540,8,7,5.17,2.0,-2.0,315,1538548241,1,2026-01-08,01/05/2026 - 01/08/2026,2026-01-10,07:51:48.000,2026-01-09,2,WM,PRIVATE FLEET ADMIN,COLLECT,7036,126.2,957,957,0,,0,0,0,1,3623.2
49,1007,202,7649,7875,7917,8800,8800,94.0,88.6,1,1,1,560,7,7,2.95,3.5,3.5,236,1538548241,2,2026-01-08,01/05/2026 - 01/08/2026,2026-01-06,16:27:58.000,2026-01-05,-2,WENP,WERNER ENTERPRISES INC,PREPAID,6035,40.33,1100,1100,0,,0,0,1,0,0.0
49,1003,203,4939,4860,4756,5682,5682,94.0,92.4,1,1,1,240,5,6,1.6,3.71,-3.71,125,1538548242,1,2026-01-06,01/03/2026 - 01/06/2026,2026-01-05,16:56:59.000,2026-01-03,-1,HJBT,J B HUNT TRANSPORT INC,PREPAID,7026,38.7,947,947,0,,0,0,1,0,0.0
49,1004,203,3767,3780,3764,4332,4332,94.0,91.7,1,1,1,222,8,6,0.35,0.08,-0.08,97,1538548242,2,2026-01-07,01/04/2026 - 01/07/2026,2026-01-07,11:44:32.000,2026-01-04,0,WENP,WERNER ENTERPRISES INC,PREPAID,6035,34.23,722,722,0,,0,0,1,0,0.0
49,1005,203,2759,2700,2698,3174,3174,94.0,93.1,1,1,1,234,5,6,2.14,2.21,-2.21,69,1538548242,3,2026-01-07,01/04/2026 - 01/07/2026,2026-01-04,06:05:03.000,2026-01-01,-3,WENP,WERNER ENTERPRISES INC,PREPAID,6070,25.59,529,529,0,,0,0,1,0,0.0
49,1008,204,7033,6875,7293,8090,7380,90.0,88.7,1,0,0,1070,10,10,2.25,3.7,3.7,295,1538548243,1,2026-01-10,01/07/2026 - 01/10/2026,2026-01-10,09:47:46.000,2026-01-09,0,SCDS,SCHNEIDER NATIONAL CARRIERS INC,PREPAID,6068,70.25,809,738,0,51-Item Setup Issue(Supplier),0,0,0,1,1704.97
49,1009,204,5224,5312,5140,6008,5288,90.0,90.3,1,0,0,824,11,10,1.68,1.61,-1.61,228,1538548243,2,2026-01-12,01/09/2026 - 01/12/2026,2026-01-10,16:14:05.000,2026-01-07,-2,SWFT,SWIFT TRANSPORTATION CO OF ARIZONA LLC,PREPAID,6030,34.18,751,661,0,,0,0,0,1,770.08
49,1010,205,5531,5320,5552,6360,4510,92.0,93.3,1,0,0,700,8,8,3.81,0.38,0.38,182,1538548244,1,2026-01-08,01/05/2026 - 01/08/2026,2026-01-05,19:59:10.000,2026-01-03,-3,WENP,WERNER ENTERPRISES INC,PREPAID,7026,62.98,636,451,0,,0,0,0,1,1201.66
50,1001,201,9684,9900,9450,11136,7220,96.0,96.3,1,0,0,840,5,5,2.23,2.42,-2.42,212,1538548245,1,2026-01-13,01/10/2026 - 01/13/2026,2026-01-12,12:08:25.000,2026-01-09,-1,HJBT,J B HUNT TRANSPORT INC,PREPAID,6092,38.34,2784,1805,0,,0,0,0,1,3202.16
50,1002,201,6807,6600,6680,7830,6402,96.0,95.0,1,0,0,204,7,5,3.04,1.87,-1.87,141,1538548245,2,2026-01-13,01/10/2026 - 01/13/2026,2026-01-10,10:56:51.000,2026-01-09,-3,WM,PRIVATE FLEET ADMIN,COLLECT,6069,30.11,1305,1067,0,47-Incorrect Labeling(Supplier),0,0,0,1,1178.81
50,1006,202,10616,10200,10717,12204,12204,94.0,94.9,1,1,1,972,8,7,3.92,0.95,0.95,306,1538548246,1,2026-01-14,01/11/2026 - 01/14/2026,2026-01-11,18:09:49.000,2026-01-10,-3,WM,PRIVATE FLEET ADMIN,COLLECT,7033,129.74,1017,1017,0,,0,0,1,0,0.0
50,1007,202,7880,7650,8086,9064,8216,94.0,95.6,1,0,0,848,8,7,2.92,2.61,2.61,230,1538548246,2,2026-01-16,01/13/2026 - 01/16/2026,2026-01-14,08:12:42.000,2026-01-12,-2,WENP,WERNER ENTERPRISES INC,PREPAID,6048,41.52,1133,1027,0,,0,0,0,1,1411.26
50,1003,203,4676,4725,4681,5376,5376,94.0,95.6,1,1,1,468,7,6,1.05,0.11,0.11,122,1538548247,1,2026-01-14,01/11/2026 - 01/14/2026,2026-01-11,06:29:53.000,2026-01-09,-3,JBR,J B HUNT TRANSPORT INC,PREPAID,7036,39.44,896,896,0,,0,0,1,0,0.0
50,1004,203,3812,3675,3817,4386,2754,94.0,89.5,1,0,0,372,5,6,3.59,0.13,0.13,94,1538548247,2,2026-01-14,01/11/2026 - 01/14/2026,2026-01-12,18:05:16.000,2026-01-09,-2,WENP,WERNER ENTERPRISES INC,PREPAID,6012,33.49,731,459,0,,0,0,0,1,734.44
50,1005,203,2753,2625,2655,3168,3168,94.0,95.5,1,1,1,312,5,6,4.65,3.56,-3.56,68,1538548247,3,2026-01-14,01/11/2026 - 01/14/2026,2026-01-14,16:44:50.000,2026-01-11,0,SWFT,SWIFT TRANSPORTATION CO OF ARIZONA LLC,PREPAID,6023,26.76,528,528,0,,0,0,1,0,0.0
50,1008,204,6518,6600,6587,7500,7500,90.0,87.8,1,1,1,740,12,10,1.26,1.06,1.06,283,1538548248,1,2026-01-17,01/14/2026 - 01/17/2026,2026-01-16,10:18:41.000,2026-01-15,-1,SCDS,SCHNEIDER NATIONAL CARRIERS INC,PREPAID,7035,70.97,750,750,0,,0,0,1,0,0.0
50,1009,204,5332,5100,5233,6128,5600,90.0,87.2,1,0,0,704,10,10,4.35,1.86,-1.86,219,1538548248,2,2026-01-18,01/15/2026 - 01/18/2026,2026-01-16,08:45:25.000,2026-01-14,-2,CRCR,CRETE CARRIER CORPORATION,PREPAID,7035,33.69,766,700,0,,0,0,0,1,774.2
50,1010,205,5024,5225,5012,5780,5010,92.0,91.3,1,0,0,450,9,8,4.0,0.24,-0.24,179,1538548249,1,2026-01-17,01/14/2026 - 01/17/2026,2026-01-15,08:04:28.000,2026-01-13,-2,SWFT,SWIFT TRANSPORTATION CO OF ARIZONA LLC,PREPAID,6012,66.24,578,501,0,,0,0,0,1,1148.6
51,1001,201,9449,9720,9555,10868,10868,96.0,92.7,1,1,1,316,6,5,2.87,1.12,1.12,208,1538548250,1,2026-01-20,01/17/2026 - 01/20/2026,2026-01-19,10:19:48.000,2026-01-17,-1,HJBT,J B HUNT TRANSPORT INC,PREPAID,6039,37.61,2717,2717,0,,0,0,1,0,0.0
51,1002,201,6280,6480,6448,7224,4572,96.0,94.2,1,0,0,192,6,5,3.18,2.68,2.68,139,1538548250,2,2026-01-20,01/17/2026 - 01/20/2026,2026-01-20,10:09:04.000,2026-01-17,0,CTII,CENTRAL TRANSPORT,PREPAID,6092,30.18,1204,762,0,,0,0,0,1,1090.1
51,1006,202,9866,9800,9547,11340,8064,94.0,90.8,1,0,0,612,6,7,0.67,3.23,-3.23,294,1538548251,1,2026-01-23,01/20/2026 - 01/23/2026,2026-01-23,09:05:25.000,2026-01-21,0,WM,PRIVATE FLEET ADMIN,COLLECT,6023,127.99,945,672,0,,0,1,0,0,0.0
51,1007,202,7024,7350,7089,8080,8080,94.0,96.0,1,1,1,584,7,7,4.64,0.93,0.93,220,1538548251,2,2026-01-22,01/19/2026 - 01/22/2026,2026-01-22,09:38:38.000,2026-01-21,0,WM,PRIVATE FLEET ADMIN,COLLECT,6043,40.56,1010,1010,0,,0,0,1,0,0.0
51,1003,203,4578,4590,4476,5262,3570,94.0,93.3,1,0,0,522,8,6,0.26,2.23,-2.23,118,1538548252,1,2026-01-20,01/17/2026 - 01/20/2026,2026-01-17,07:34:00.000,2026-01-16,-3,WENP,WERNER ENTERPRISES INC,PREPAID,6069,38.41,877,595,0,,0,0,0,1,1010.57
51,1004,203,3464,3570,3573,3984,3984,94.0,94.0,1,1,1,192,8,6,3.06,3.15,3.15,92,1538548252,2,2026-01-20,01/17/2026 - 01/20/2026,2026-01-19,13:56:35.000,2026-01-16,-1,SWFT,SWIFT TRANSPORTATION CO OF ARIZONA LLC,PREPAID,6070,35.63,664,664,0,,0,0,1,0,0.0
51,1005,203,2615,2550,2523,3006,3006,94.0,90.6,1,1,1,270,6,6,2.49,3.52,-3.52,66,1538548252,3,2026-01-20,01/17/2026 - 01/20/2026,2026-01-19,11:40:53.000,2026-01-16,-1,WENP,WERNER ENTERPRISES INC,PREPAID,6038,25.46,501,501,0,,0,0,1,0,0.0
51,1008,204,6508,6325,6525,7480,7480,90.0,87.8,1,1,1,750,12,10,2.81,0.26,0.26,271,1538548253,1,2026-01-26,01/23/2026 - 01/26/2026,2026-01-23,19:59:43.000,2026-01-21,-3,SCDS,SCHNEIDER NATIONAL CARRIERS INC,PREPAID,6080,74.2,748,748,0,,0,0,1,0,0.0
51,1009,204,5117,4887,4918,5888,5888,90.0,86.6,1,1,1,616,11,10,4.49,3.89,-3.89,209,1538548253,2,2026-01-25,01/22/2026 - 01/25/2026,2026-01-23,17:56:30.000,2026-01-20,-2,JBR,J B HUNT TRANSPORT INC,PREPAID,7035,34.77,736,736,0,,0,0,1,0,0.0
51,1010,205,5265,5130,5277,6050,6050,92.0,92.4,1,1,1,410,9,8,2.56,0.23,0.23,176,1538548254,1,2026-01-22,01/19/2026 - 01/22/2026,2026-01-22,09:23:24.000,2026-01-21,0,SCDS,SCHNEIDER NATIONAL CARRIERS INC,PREPAID,6094,66.51,605,605,0,,0,0,1,0,0.0
52,1001,201,9510,9450,9662,10936,10936,96.0,94.1,1,1,1,240,5,5,0.63,1.6,1.6,202,1538548255,1,2026-01-28,01/25/2026 - 01/28/2026,2026-01-26,09:20:29.000,2026-01-24,-2,HJBT,J B HUNT TRANSPORT INC,PREPAID,6039,38.17,2734,2734,0,,0,0,1,0,0.0
52,1002,201,6187,6300,6310,7116,7116,96.0,96.2,1,1,1,276,7,5,1.83,1.99,1.99,135,1538548255,2,2026-01-27,01/24/2026 - 01/27/2026,2026-01-24,13:43:41.000,2026-01-23,-3,PRIJ,PRIME INC,PREPAID,6043,30.73,1186,1186,0,,0,0,1,0,0.0
52,1006,202,9321,9500,9509,10716,7284,94.0,90.7,1,0,0,552,7,7,1.92,2.02,2.02,285,1538548256,1,2026-01-30,01/27/2026 - 01/30/2026,2026-01-28,19:21:27.000,2026-01-26,-2,PRIJ,PRIME INC,PREPAID,6035,128.66,893,607,0,,0,0,0,1,3446.8
52,1007,202,7253,7125,7300,8344,7472,94.0,90.3,1,0,0,576,6,7,1.76,0.65,0.65,214,1538548256,2,2026-01-28,01/25/2026 - 01/28/2026,2026-01-28,12:34:54.000,2026-01-25,0,CTII,CENTRAL TRANSPORT,PREPAID,6035,39.68,1043,934,0,,0,1,0,0,0.0
52,1003,203,4295,4500,4408,4938,4938,94.0,89.5,1,1,1,384,7,6,4.77,2.63,2.63,116,1538548257,1,2026-01-27,01/24/2026 - 01/27/2026,2026-01-27,17:13:55.000,2026-01-25,0,WENP,WERNER ENTERPRISES INC,PREPAID,6025,38.24,823,823,0,,0,0,1,0,0.0
52,1004,203,3578,3500,3467,4116,3588,94.0,90.7,0,0,0,180,6,6,2.18,3.1,-3.1,90,1538548257,2,2026-01-27,01/24/2026 - 01/27/2026,2026-01-31,15:15:15.000,2026-01-29,4,WENP,WERNER ENTERPRISES INC,PREPAID,6092,35.52,686,598,0,,0,0,0,1,731.0
52,1005,203,2566,2500,2493,2952,2370,94.0,93.7,1,0,0,276,5,6,2.57,2.84,-2.84,64,1538548257,3,2026-01-29,01/26/2026 - 01/29/2026,2026-01-28,11:30:41.000,2026-01-27,-1,WENP,WERNER ENTERPRISES INC,PREPAID,6012,26.54,492,395,0,,0,0,0,1,391.73
52,1008,204,6190,6050,6373,7120,7120,90.0,88.9,1,1,1,850,11,10,2.26,2.96,2.96,259,1538548258,1,2026-02-02,01/30/2026 - 02/02/2026,2026-02-02,14:12:05.000,2026-02-01,0,SCDS,SCHNEIDER NATIONAL CARRIERS INC,PREPAID,7039,71.99,712,712,0,,0,0,1,0,0.0
52,1009,204,4694,4675,4655,5400,4384,90.0,84.9,0,0,0,648,12,10,0.4,0.83,-0.83,200,1538548258,2,2026-01-31,01/28/2026 - 01/31/2026,2026-02-02,17:08:44.000,2026-01-31,2,SCDS,SCHNEIDER NATIONAL CARRIERS INC,PREPAID,7026,33.75,675,548,0,,0,0,0,1,683.44
52,1010,205,5209,4988,5406,5990,4210,92.0,87.1,1,0,0,570,10,8,4.24,3.78,3.78,171,1538548259,1,2026-01-31,01/28/2026 - 01/31/2026,2026-01-29,09:55:42.000,2026-01-26,-2,SWFT,SWIFT TRANSPORTATION CO OF ARIZONA LLC,PREPAID,6018,64.5,599,421,0,,0,0,0,1,1159.06
